,link,product,sets,price,category,date
0,/r/mechmarket/comments/lu6qwc/uscah_stocknew_h1s_marshmallows_and_deskmats_w/,gmk masterpiece,['deskmat'],50,single,2021-02-28 04:54:57
1,/r/mechmarket/comments/lu6qwc/uscah_stocknew_h1s_marshmallows_and_deskmats_w/,gmk mizu,['deskmat'],45,single,2021-02-28 04:54:57
2,/r/mechmarket/comments/lu3uqx/usca_h_nk65_milkshake_ee_gmk_bleached_base_w/,gmk bleached,['base'],210,base,2021-02-28 03:04:10
3,/r/mechmarket/comments/lu3ax3/usil_h_bnib_voice65_black_hotswap_ewhite_tofu_60/,gmk olivia,['base'],55,base,2021-02-28 02:32:00
4,/r/mechmarket/comments/lu356u/usca_h_gmk_dots_r1_sealed_dots_ramas_gmk_8008_r1/,gmk dots,['base'],275,base,2021-02-28 02:22:20
5,/r/mechmarket/comments/lu356u/usca_h_gmk_dots_r1_sealed_dots_ramas_gmk_8008_r1/,gmk dots,['rama'],120,single,2021-02-28 02:22:20
6,/r/mechmarket/comments/lu356u/usca_h_gmk_dots_r1_sealed_dots_ramas_gmk_8008_r1/,gmk dots,['rama'],140,single,2021-02-28 02:22:20
7,/r/mechmarket/comments/lu356u/usca_h_gmk_dots_r1_sealed_dots_ramas_gmk_8008_r1/,gmk 8008,['base'],240,base,2021-02-28 02:22:20
8,/r/mechmarket/comments/lu2xpx/ustx_h_gmk_bleached_w_paypal/,gmk bleached,['base'],220,base,2021-02-28 02:09:28
9,/r/mechmarket/comments/lu2ex5/usca_h_gmk_godspeed_dark_metaverse_noel_bleached/,gmk god,"['novelties', 'spacebars', 'base']",300,bundle,2021-02-28 01:39:42
10,/r/mechmarket/comments/lu2ex5/usca_h_gmk_godspeed_dark_metaverse_noel_bleached/,gmk god,['base'],200,base,2021-02-28 01:39:42
11,/r/mechmarket/comments/lu2ex5/usca_h_gmk_godspeed_dark_metaverse_noel_bleached/,gmk bleached,['base'],220,base,2021-02-28 01:39:42
12,/r/mechmarket/comments/lu2ex5/usca_h_gmk_godspeed_dark_metaverse_noel_bleached/,gmk bleached,['spacebars'],6,single,2021-02-28 01:39:42
13,/r/mechmarket/comments/lu2ex5/usca_h_gmk_godspeed_dark_metaverse_noel_bleached/,gmk metaverse,['base'],280,base,2021-02-28 01:39:42
14,/r/mechmarket/comments/lu2ex5/usca_h_gmk_godspeed_dark_metaverse_noel_bleached/,gmk dark,['dark base'],220,base,2021-02-28 01:39:42
15,/r/mechmarket/comments/lu2ex5/usca_h_gmk_godspeed_dark_metaverse_noel_bleached/,gmk noel,['base'],260,base,2021-02-28 01:39:42
16,/r/mechmarket/comments/lu2ex5/usca_h_gmk_godspeed_dark_metaverse_noel_bleached/,gmk noel,['base'],100,base,2021-02-28 01:39:42
17,/r/mechmarket/comments/lu2ex5/usca_h_gmk_godspeed_dark_metaverse_noel_bleached/,gmk noel,['novelties'],90,single,2021-02-28 01:39:42
18,/r/mechmarket/comments/lu18sr/uscah_sirius_wkl_utd360_realforce_87u_hirose/,gmk ka1953,['base'],150,base,2021-02-28 00:35:44
19,/r/mechmarket/comments/lu18sr/uscah_sirius_wkl_utd360_realforce_87u_hirose/,gmk rgb,['base'],80,base,2021-02-28 00:35:44
20,/r/mechmarket/comments/lu0feh/usca_h_kbd75_build_w_67g_zealios_gmk_sky_dolch/,gmk sky,['base'],180,base,2021-02-27 23:50:12
21,/r/mechmarket/comments/lu08p8/usnv_h_gmk_bleached_u80_solderable_pcb_u80_mist/,gmk bleached,['base'],230,base,2021-02-27 23:39:37
22,/r/mechmarket/comments/lu07qz/uspa_h_gmk_coral_novelties_spacebars_switches/,gmk coral,['novelties'],40,single,2021-02-27 23:38:05
23,/r/mechmarket/comments/lu07qz/uspa_h_gmk_coral_novelties_spacebars_switches/,gmk coral,['spacebars'],25,single,2021-02-27 23:38:05
24,/r/mechmarket/comments/ltz34a/usnjh_gmk_bleached_base_numpadiso_spacebars_rama/,gmk bleached,['base'],200,base,2021-02-27 22:37:49
25,/r/mechmarket/comments/ltz34a/usnjh_gmk_bleached_base_numpadiso_spacebars_rama/,gmk bleached,['spacebars'],55,single,2021-02-27 22:37:49
26,/r/mechmarket/comments/ltz34a/usnjh_gmk_bleached_base_numpadiso_spacebars_rama/,gmk bleached,['numpad'],75,single,2021-02-27 22:37:49
27,/r/mechmarket/comments/ltwdr7/ushih_gmk_bleach_base_numpad_combo_alpha_keycaps/,gmk bleach,"['numpad', 'base']",260,bundle,2021-02-27 20:17:25
28,/r/mechmarket/comments/ltw9kj/usca_h_kck_ky01_nk65_black_alu_lavenders_mauves/,gmk bingsu,['base'],300,base,2021-02-27 20:11:32
29,/r/mechmarket/comments/ltw9kj/usca_h_kck_ky01_nk65_black_alu_lavenders_mauves/,gmk wob,['base'],125,base,2021-02-27 20:11:32
30,/r/mechmarket/comments/ltvp9e/usma_h_gmk_olivia_light_base_spacebars_pink_dino/,gmk olivia,['light base'],300,base,2021-02-27 19:43:37
31,/r/mechmarket/comments/ltvp9e/usma_h_gmk_olivia_light_base_spacebars_pink_dino/,gmk nautilus,['base'],260,base,2021-02-27 19:43:37
32,/r/mechmarket/comments/lttes3/usilh_space65_r1_pc_canoe_bt_mechlovin_build_more/,gmk true,['base'],140,base,2021-02-27 17:52:26
33,/r/mechmarket/comments/lttes3/usilh_space65_r1_pc_canoe_bt_mechlovin_build_more/,gmk wasabi,['base'],220,base,2021-02-27 17:52:26
34,/r/mechmarket/comments/ltrnnp/usca_h_gmk_bleached_base_spacebars_xo_rama_gmk/,gmk bleached,['base'],230,base,2021-02-27 16:30:50
35,/r/mechmarket/comments/ltrnnp/usca_h_gmk_bleached_base_spacebars_xo_rama_gmk/,gmk bleached,['spacebars'],50,single,2021-02-27 16:30:50
36,/r/mechmarket/comments/ltrnnp/usca_h_gmk_bleached_base_spacebars_xo_rama_gmk/,gmk bleached,['rama'],120,single,2021-02-27 16:30:50
37,/r/mechmarket/comments/ltrnnp/usca_h_gmk_bleached_base_spacebars_xo_rama_gmk/,gmk cafe,['alpha'],100,single,2021-02-27 16:30:50
38,/r/mechmarket/comments/ltrnnp/usca_h_gmk_bleached_base_spacebars_xo_rama_gmk/,gmk cafe,['spacebars'],70,single,2021-02-27 16:30:50
39,/r/mechmarket/comments/ltrnnp/usca_h_gmk_bleached_base_spacebars_xo_rama_gmk/,gmk cafe,['rama'],150,single,2021-02-27 16:30:50
40,/r/mechmarket/comments/ltrnnp/usca_h_gmk_bleached_base_spacebars_xo_rama_gmk/,gmk cafe,['rama'],200,single,2021-02-27 16:30:50
41,/r/mechmarket/comments/ltrnnp/usca_h_gmk_bleached_base_spacebars_xo_rama_gmk/,gmk darling,['rama'],140,single,2021-02-27 16:30:50
42,/r/mechmarket/comments/ltrnnp/usca_h_gmk_bleached_base_spacebars_xo_rama_gmk/,gmk metaverse,['rama'],120,single,2021-02-27 16:30:50
43,/r/mechmarket/comments/ltqp1y/caon_h_gmk_noel_keyby_w_paypal_latrialum/,gmk noel,['base'],300,base,2021-02-27 15:42:36
44,/r/mechmarket/comments/ltoggy/euse_h_gmk_pulse_micons_wob_micons_sa_laser_kat/,gmk pulse,"['novelties', 'spacebars', 'base']",336,bundle,2021-02-27 13:46:52
45,/r/mechmarket/comments/ltoggy/euse_h_gmk_pulse_micons_wob_micons_sa_laser_kat/,gmk pulse,['base'],102,base,2021-02-27 13:46:52
46,/r/mechmarket/comments/ltoggy/euse_h_gmk_pulse_micons_wob_micons_sa_laser_kat/,gmk wob,['base'],88,base,2021-02-27 13:46:52
47,/r/mechmarket/comments/lteww4/usca_h_grey_fjell_gmk_cafe_base_spacebars_taro/,gmk cafe,"['spacebars', 'base']",300,bundle,2021-02-27 03:13:29
48,/r/mechmarket/comments/lteww4/usca_h_grey_fjell_gmk_cafe_base_spacebars_taro/,gmk cafe,['spacebars'],50,single,2021-02-27 03:13:29
49,/r/mechmarket/comments/lteww4/usca_h_grey_fjell_gmk_cafe_base_spacebars_taro/,gmk cafe,['base'],300,base,2021-02-27 03:13:29
50,/r/mechmarket/comments/lt9ve5/usny_h_key65_extras_kono_kira_savage65_canoe_gen/,gmk froyo,['base'],275,base,2021-02-26 22:42:02
51,/r/mechmarket/comments/lt8prz/usnyhgmk_sumi_deskmats_rama_keycaps_wpaypal/,gmk sumi,['rama'],85,single,2021-02-26 21:47:25
52,/r/mechmarket/comments/lt8prz/usnyhgmk_sumi_deskmats_rama_keycaps_wpaypal/,gmk sumi,['rama'],85,single,2021-02-26 21:47:25
53,/r/mechmarket/comments/lt8prz/usnyhgmk_sumi_deskmats_rama_keycaps_wpaypal/,gmk sumi,['deskmat'],45,single,2021-02-26 21:47:25
54,/r/mechmarket/comments/lt8prz/usnyhgmk_sumi_deskmats_rama_keycaps_wpaypal/,gmk sumi,['deskmat'],45,single,2021-02-26 21:47:25
55,/r/mechmarket/comments/lt7vwk/uswa_h_fjell_r4_r1_grey_color_gmk_camping_r2_rama/,gmk camping,['base'],275,base,2021-02-26 21:08:16
56,/r/mechmarket/comments/lt7vwk/uswa_h_fjell_r4_r1_grey_color_gmk_camping_r2_rama/,gmk camping,['rama'],105,single,2021-02-26 21:08:16
57,/r/mechmarket/comments/lt7o4e/eupl_h_ansi_novatouch_gmk_nautilus_nightmares_r1/,gmk nautilus,['base'],240,base,2021-02-26 20:58:49
58,/r/mechmarket/comments/lt1oi4/usca_h_gmk_bleached_tofu_60_case_w_paypal/,gmk bleached,['base'],220,base,2021-02-26 16:44:12
59,/r/mechmarket/comments/lss05r/uscohnew_gmk_olivia_light_base_w_paypal/,gmk olivia,['light base'],360,base,2021-02-26 06:49:25
60,/r/mechmarket/comments/lsp6ry/ustxh_gmk_nautilus_r1_w_paypal/,gmk nautilus,"['novelties', 'base']",225,bundle,2021-02-26 03:49:41
61,/r/mechmarket/comments/lsp40u/uscahpc_nunu_gmk_bleached_gmk_olivia_dark_gmk_pip/,gmk bleached,['spacebars'],250,single,2021-02-26 03:45:20
62,/r/mechmarket/comments/lsp40u/uscahpc_nunu_gmk_bleached_gmk_olivia_dark_gmk_pip/,gmk olivia,"['extension', 'base']",250,bundle,2021-02-26 03:45:20
63,/r/mechmarket/comments/lsp40u/uscahpc_nunu_gmk_bleached_gmk_olivia_dark_gmk_pip/,gmk pretty,['base'],80,base,2021-02-26 03:45:20
64,/r/mechmarket/comments/lsp40u/uscahpc_nunu_gmk_bleached_gmk_olivia_dark_gmk_pip/,gmk camping,['rama'],90,single,2021-02-26 03:45:20
65,/r/mechmarket/comments/lsp40u/uscahpc_nunu_gmk_bleached_gmk_olivia_dark_gmk_pip/,gmk bleached,['rama'],200,single,2021-02-26 03:45:20
66,/r/mechmarket/comments/lsooi5/usct_h_gmk_olivia_light_base_w_paypal/,gmk olivia,['light base'],325,base,2021-02-26 03:21:36
67,/r/mechmarket/comments/lsok2x/usma_h_gmk_metaverse_r2_bundle_gmk_camping_r2/,gmk metaverse,"['novelties', 'base']",500,bundle,2021-02-26 03:15:01
68,/r/mechmarket/comments/lsok2x/usma_h_gmk_metaverse_r2_bundle_gmk_camping_r2/,gmk camping,['base'],250,base,2021-02-26 03:15:01
69,/r/mechmarket/comments/lsncui/usca_h_silver_lz_physix_built_s_77_silver/,gmk burgundy,['alpha'],60,single,2021-02-26 02:17:20
70,/r/mechmarket/comments/lsncui/usca_h_silver_lz_physix_built_s_77_silver/,gmk burgundy,['mods'],85,single,2021-02-26 02:17:20
71,/r/mechmarket/comments/lsn1wc/usca_h_gmk_bleached_and_magic_the_gathering/,gmk bleached,['base'],215,base,2021-02-26 02:01:09
72,/r/mechmarket/comments/lsmclu/uswah_bongo_cat_gmk_cadet_gmk_cafe_rama_artisans/,gmk cadet,"['spacebars', 'base']",325,bundle,2021-02-26 01:23:33
73,/r/mechmarket/comments/lsmclu/uswah_bongo_cat_gmk_cadet_gmk_cafe_rama_artisans/,gmk cafe,"['spacebars', 'base', 'alpha']",500,bundle,2021-02-26 01:23:33
74,/r/mechmarket/comments/lslal6/caab_h_gmk_alter_gmk_finer_things_w_paypal/,gmk alter,['base'],305,base,2021-02-26 00:29:15
75,/r/mechmarket/comments/lslal6/caab_h_gmk_alter_gmk_finer_things_w_paypal/,gmk finer,['base'],290,base,2021-02-26 00:29:15
76,/r/mechmarket/comments/lsizij/usil_h_mark65_gmk_dots_w_paypal/,gmk dots,['base'],350,base,2021-02-25 22:39:55
77,/r/mechmarket/comments/lsimmf/usnjh_sealed_gmk_bleached_sealed_infinikey_team/,gmk bleached,['base'],230,base,2021-02-25 22:23:26
78,/r/mechmarket/comments/lsfnhu/usid_h_gmk_nautilus_nightmares_uhmwpestem/,gmk nautilus,"['novelties', 'base']",200,bundle,2021-02-25 20:10:56
79,/r/mechmarket/comments/lseq1t/usma_h_gmk_9009_r3_70x_gateron_black_ink_v2/,gmk 9009,['base'],240,base,2021-02-25 19:30:44
80,/r/mechmarket/comments/lsefr7/uswih_sealed_gmk_bleached_rama_x_w_paypal/,gmk bleached,['base'],230,base,2021-02-25 19:18:20
81,/r/mechmarket/comments/ls9zua/usca_h_gmk_cafe_base_dark_alphas_spacebars/,gmk cafe,['base'],300,base,2021-02-25 16:08:30
82,/r/mechmarket/comments/ls9zua/usca_h_gmk_cafe_base_dark_alphas_spacebars/,gmk cafe,['alpha'],100,single,2021-02-25 16:08:30
83,/r/mechmarket/comments/ls9zua/usca_h_gmk_cafe_base_dark_alphas_spacebars/,gmk cafe,['spacebars'],70,single,2021-02-25 16:08:30
84,/r/mechmarket/comments/ls9zua/usca_h_gmk_cafe_base_dark_alphas_spacebars/,gmk cafe,['numpad'],80,single,2021-02-25 16:08:30
85,/r/mechmarket/comments/ls9zua/usca_h_gmk_cafe_base_dark_alphas_spacebars/,gmk cafe,['rama'],150,single,2021-02-25 16:08:30
86,/r/mechmarket/comments/lrzagz/usca_h_gmk_metaverse_zealios_glorious_pandas_w/,gmk metaverse,"['spacebars', 'base']",230,bundle,2021-02-25 05:37:12
87,/r/mechmarket/comments/lrxs9n/usnyh_duck_orion_v3_polaris_gmkepbt_sets_kuro/,gmk bleached,"['spacebars', 'base']",250,bundle,2021-02-25 04:09:23
88,/r/mechmarket/comments/lrxs9n/usnyh_duck_orion_v3_polaris_gmkepbt_sets_kuro/,gmk camping,"['novelties', 'spacebars', 'base', 'rama']",400,bundle,2021-02-25 04:09:23
89,/r/mechmarket/comments/lrxs9n/usnyh_duck_orion_v3_polaris_gmkepbt_sets_kuro/,gmk metaverse,['base'],250,base,2021-02-25 04:09:23
90,/r/mechmarket/comments/lrxhi4/usnv_h_gmk_bleached_base_gmk_8008_accent_nk_silk/,gmk bleached,['base'],230,base,2021-02-25 03:53:03
91,/r/mechmarket/comments/lrxhi4/usnv_h_gmk_bleached_base_gmk_8008_accent_nk_silk/,gmk 8008,['accent'],55,single,2021-02-25 03:53:03
92,/r/mechmarket/comments/lrvzz2/usca_h_nk65_milkshake_edition_keyboard_gmk_dark/,gmk dark,['numpad'],60,single,2021-02-25 02:49:53
93,/r/mechmarket/comments/lrt6py/usca_h_switch_couture_malice_hhkb_ble_mod_modded/,gmk bleached,['base'],235,base,2021-02-25 01:16:42
94,/r/mechmarket/comments/lrpz8b/caonh_gmk_copper_base_sealed_copper_aged_deskmat/,gmk copper,['base'],300,base,2021-02-24 23:15:36
95,/r/mechmarket/comments/lrpz8b/caonh_gmk_copper_base_sealed_copper_aged_deskmat/,gmk copper,['cable'],50,single,2021-02-24 23:15:36
96,/r/mechmarket/comments/lrpu16/uscah_millmaxed_pc_lin_dolinger_ewhite_holy_panda/,gmk nautilus,"['novelties', 'base']",330,bundle,2021-02-24 23:09:07
97,/r/mechmarket/comments/lrnp67/usok_h_gmk_nautilus_2_base_kit_novelties_w_paypal/,gmk nautilus,"['novelties', 'base']",270,bundle,2021-02-24 21:31:58
98,/r/mechmarket/comments/lrlk70/uslah_sky_blue_lzs_otd_wyse_gmk_stuff_alps/,gmk olivetti,['base'],1700,base,2021-02-24 19:44:02
99,/r/mechmarket/comments/lrlk70/uslah_sky_blue_lzs_otd_wyse_gmk_stuff_alps/,gmk cmyw,['base'],110,base,2021-02-24 19:44:02
100,/r/mechmarket/comments/lrksul/usca_h_artisans_gmk_triumph_adler_w_paypal_trades/,gmk triumph,['base'],150,base,2021-02-24 19:11:23
101,/r/mechmarket/comments/lriwu9/uspa_h_gmk_sharkbait_gmk_bleached_bnib_w_paypal/,gmk sharkbait,['base'],240,base,2021-02-24 17:54:01
102,/r/mechmarket/comments/lriwu9/uspa_h_gmk_sharkbait_gmk_bleached_bnib_w_paypal/,gmk bleached,['base'],225,base,2021-02-24 17:54:01
103,/r/mechmarket/comments/lrgkpl/uswa_h_gmk_kaiju_think65_v1_build_w_paypal_local/,gmk kaiju,['base'],700,base,2021-02-24 16:17:22
104,/r/mechmarket/comments/lrg6ux/uscah_brutal_60_burgundy_ansistandard_drop/,gmk red,['deskmat'],40,single,2021-02-24 16:00:28
105,/r/mechmarket/comments/lr4g9d/uscah_gmk_violet_on_cream_base_kit_bnib_pom/,gmk violet,['base'],220,base,2021-02-24 05:12:49
106,/r/mechmarket/comments/lqz8vx/uscahthink65_v1_pc_gmk_p_and_c_kuro_shiro_set/,gmk peaches,['base'],200,base,2021-02-24 01:14:38
107,/r/mechmarket/comments/lqyquf/uswa_h_gmk_nautilus_2_core_new_sealed_w_paypal/,gmk nautilus,['base'],225,base,2021-02-24 00:51:24
108,/r/mechmarket/comments/lqxbxl/caqc_h_sumi_ghost_koi_deskmat_artisansbadhabits/,gmk sumi,['deskmat'],40,single,2021-02-24 00:01:03
109,/r/mechmarket/comments/lqvu9q/usnyh_gmk_wob_w_paypal/,gmk wob,['base'],110,base,2021-02-23 23:06:44
110,/r/mechmarket/comments/lqvg9a/usfl_h_rekt_1800_qlavier_quasi_alice_gmk_oblivion/,gmk oblivion,"['base', 'alpha']",300,bundle,2021-02-23 22:52:16
111,/r/mechmarket/comments/lquzbk/usmdh_gmk_olivia_light_gmk_metaverse_2_crystal/,gmk olivia,['light base'],325,base,2021-02-23 22:31:56
112,/r/mechmarket/comments/lquzbk/usmdh_gmk_olivia_light_gmk_metaverse_2_crystal/,gmk metaverse,['base'],275,base,2021-02-23 22:31:56
113,/r/mechmarket/comments/lqul3u/usoh_h_bsp_cyrillic_keycaps_90x_alps_skcm_amber/,gmk wob,['mods'],25,single,2021-02-23 22:13:35
114,/r/mechmarket/comments/lqu3iu/au_h_artisans_w_paypal/,gmk sumi,['rama'],130,single,2021-02-23 21:52:00
115,/r/mechmarket/comments/lqu3iu/au_h_artisans_w_paypal/,gmk sumi,['rama'],130,single,2021-02-23 21:52:00
116,/r/mechmarket/comments/lqq81q/usca_h_gmk_bleached_basekit_and_spacebars_w_paypal/,gmk bleached,"['spacebars', 'base']",235,bundle,2021-02-23 19:06:00
117,/r/mechmarket/comments/lqpqaf/jp_h_gmk_think65_v2_w_paypal/,gmk jamon,['base'],350,base,2021-02-23 18:45:42
118,/r/mechmarket/comments/lqphrq/usga_h_gmk_bleached_nautilus_2_core_novelties/,gmk bleached,['base'],210,base,2021-02-23 18:36:03
119,/r/mechmarket/comments/lqphrq/usga_h_gmk_bleached_nautilus_2_core_novelties/,gmk nautilus,['base'],265,base,2021-02-23 18:36:03
120,/r/mechmarket/comments/lqphrq/usga_h_gmk_bleached_nautilus_2_core_novelties/,gmk nautilus,['novelties'],70,single,2021-02-23 18:36:03
121,/r/mechmarket/comments/lqphrq/usga_h_gmk_bleached_nautilus_2_core_novelties/,gmk nautilus,['rama'],105,single,2021-02-23 18:36:03
122,/r/mechmarket/comments/lqpb53/usca_h_massdropolkb_preonic_mx_kit_v3_gunmetal/,gmk red,['base'],75,base,2021-02-23 18:28:27
123,/r/mechmarket/comments/lqoga3/uswa_h_think_65_v2_2u_snow_white_gmk_nautilus_r2/,gmk nautilus,['base'],280,base,2021-02-23 17:52:31
124,/r/mechmarket/comments/lqoga3/uswa_h_think_65_v2_2u_snow_white_gmk_nautilus_r2/,gmk nautilus,['rama'],100,single,2021-02-23 17:52:31
125,/r/mechmarket/comments/lqn2d8/euplh_gmk_copper_nautilus_2_wob_topre_biip/,gmk copper,['base'],300,base,2021-02-23 16:54:50
126,/r/mechmarket/comments/lqn2d8/euplh_gmk_copper_nautilus_2_wob_topre_biip/,gmk nautilus,['base'],220,base,2021-02-23 16:54:50
127,/r/mechmarket/comments/lqn2d8/euplh_gmk_copper_nautilus_2_wob_topre_biip/,gmk white,['base'],100,base,2021-02-23 16:54:50
128,/r/mechmarket/comments/lqmmu1/usca_h_price_drop_kbd8x_mkii_rose_gold_kbdpad/,gmk denim,['base'],150,base,2021-02-23 16:36:53
129,/r/mechmarket/comments/lqks9k/usfl_h_artisans_alpha_nightcaps_gmk_bleached_w/,gmk bleached,['base'],165,base,2021-02-23 15:19:16
130,/r/mechmarket/comments/lqe1v6/uswa_h_gmk_olivia_light_extension_kit_w_paypal/,gmk olivia,"['spacebars', 'base', 'extension']",350,bundle,2021-02-23 09:09:07
131,/r/mechmarket/comments/lqcc7v/uscah_gmk_alter_gmk_metropolis_mekanisk_klippe_r3/,gmk alter,"['novelties', 'spacebars', 'base']",530,bundle,2021-02-23 07:24:12
132,/r/mechmarket/comments/lq7fex/ustx_h_gmk_zhuyin_wob_epbt_gok_bow_mt3_devtty/,gmk zhuyin,['base'],170,base,2021-02-23 02:58:53
133,/r/mechmarket/comments/lq7fex/ustx_h_gmk_zhuyin_wob_epbt_gok_bow_mt3_devtty/,gmk modern,['deskmat'],40,single,2021-02-23 02:58:53
134,/r/mechmarket/comments/lq5ao3/usorhnk65_milkshake_infinity_ergodox_wzealios_sa/,gmk camping,"['novelties', 'base', 'alpha']",380,bundle,2021-02-23 01:09:20
135,/r/mechmarket/comments/lq4uyk/uspa_h_gmk_bleached_base_set_artkey_bow_bull_65/,gmk bleached,['base'],200,base,2021-02-23 00:47:31
136,/r/mechmarket/comments/lq3z6u/uspa_h_gmk_metropolis_base_w_paypal/,gmk metropolis,['base'],230,base,2021-02-23 00:04:37
137,/r/mechmarket/comments/lq0eql/usca_h_aeboards_constellation_navy_gmk_taro_boba/,gmk taro,"['novelties', 'alpha']",160,other,2021-02-22 21:25:56
138,/r/mechmarket/comments/lpxfmx/usga_h_gmk_night_runner_kits_voice65_ewhite/,gmk night,['base'],300,base,2021-02-22 19:28:53
139,/r/mechmarket/comments/lpxfmx/usga_h_gmk_night_runner_kits_voice65_ewhite/,gmk night,['novelties'],90,single,2021-02-22 19:28:53
140,/r/mechmarket/comments/lptvas/eunl_h_keychron_c2_gat_browns_gmk_mizu_tulia_desk/,gmk mizu,"['deskmat', 'base']",60,bundle,2021-02-22 17:12:42
141,/r/mechmarket/comments/lpqyra/usaz_h_gmk_bleached_maxkey_wob_kalam_pcjr_kwk/,gmk bleached,['base'],230,base,2021-02-22 15:30:54
142,/r/mechmarket/comments/lppz83/caqc_hlubed_and_filmed_switchesalpaca_v2tealiooa/,gmk kaiju,"['novelties', 'base']",300,bundle,2021-02-22 14:58:03
143,/r/mechmarket/comments/lppy7q/usny_h_gmk_botanical_base_sealed_w_light_deskmat/,gmk botanical,"['deskmat', 'base']",400,bundle,2021-02-22 14:56:52
144,/r/mechmarket/comments/lppy7q/usny_h_gmk_botanical_base_sealed_w_light_deskmat/,gmk burgundy,['base'],280,base,2021-02-22 14:56:52
145,/r/mechmarket/comments/lppy7q/usny_h_gmk_botanical_base_sealed_w_light_deskmat/,gmk taro,['base'],300,base,2021-02-22 14:56:52
146,/r/mechmarket/comments/lppy7q/usny_h_gmk_botanical_base_sealed_w_light_deskmat/,gmk mizu,['base'],60,base,2021-02-22 14:56:52
147,/r/mechmarket/comments/lpkxja/jp_h_gmk_nautilus_2_core_novelties_mac_deskmat_w/,gmk nautilus,['base'],65,base,2021-02-22 10:35:18
148,/r/mechmarket/comments/lpkxja/jp_h_gmk_nautilus_2_core_novelties_mac_deskmat_w/,gmk nautilus,['deskmat'],5,single,2021-02-22 10:35:18
149,/r/mechmarket/comments/lpjk68/usnjh_drop_alt_drop_alt_high_profile_drop_ctrl/,gmk metropolis,['base'],320,base,2021-02-22 09:04:30
150,/r/mechmarket/comments/lpjk68/usnjh_drop_alt_drop_alt_high_profile_drop_ctrl/,gmk metropolis,['base'],40,base,2021-02-22 09:04:30
151,/r/mechmarket/comments/lpjk68/usnjh_drop_alt_drop_alt_high_profile_drop_ctrl/,gmk metropolis,['base'],280,base,2021-02-22 09:04:30
152,/r/mechmarket/comments/lpjij4/usca_h_gmk_botanical_base_spacebars_novelties_w/,gmk botanical,['base'],350,base,2021-02-22 09:01:32
153,/r/mechmarket/comments/lpjij4/usca_h_gmk_botanical_base_spacebars_novelties_w/,gmk botanical,['spacebars'],90,single,2021-02-22 09:01:32
154,/r/mechmarket/comments/lpjij4/usca_h_gmk_botanical_base_spacebars_novelties_w/,gmk botanical,['novelties'],130,single,2021-02-22 09:01:32
155,/r/mechmarket/comments/lph9lg/cnh_gmk_olivia_light_base_novelties_metaverse/,gmk olivia,['light base'],335,base,2021-02-22 06:40:07
156,/r/mechmarket/comments/lph9lg/cnh_gmk_olivia_light_base_novelties_metaverse/,gmk olivia,['novelties'],65,single,2021-02-22 06:40:07
157,/r/mechmarket/comments/lph9lg/cnh_gmk_olivia_light_base_novelties_metaverse/,gmk metaverse,['novelties'],80,single,2021-02-22 06:40:07
158,/r/mechmarket/comments/lph9lg/cnh_gmk_olivia_light_base_novelties_metaverse/,gmk botanical,['rama'],115,single,2021-02-22 06:40:07
159,/r/mechmarket/comments/lph1hq/usct_h_gmk_red_dragon_element_deskmat_gmk_mizu/,gmk red,['deskmat'],30,single,2021-02-22 06:26:25
160,/r/mechmarket/comments/lp94zy/usca_h_110_drop_holy_panda_87x2_polar_panda_sa/,gmk metropolis,['base'],275,base,2021-02-21 23:08:00
161,/r/mechmarket/comments/lp7li3/ustxh_split_spacebar_chiwi60_pbtgmksa_buckling/,gmk spirit,['base'],220,base,2021-02-21 21:53:07
162,/r/mechmarket/comments/lp5ctb/cabc_h_gmk_merlin_gmk_bento_r1_kobe_alphas_w/,gmk merlin,['base'],250,base,2021-02-21 20:06:49
163,/r/mechmarket/comments/lp1o9i/usca_h_gmk_cafe_spacebars_gmk_triumph_adler/,gmk cafe,"['spacebars', 'base']",360,bundle,2021-02-21 17:17:02
164,/r/mechmarket/comments/lp0hxt/usny_h_epbt_kon_momo_base_extra_keys_gmk_taro/,gmk taro,['novelties'],70,single,2021-02-21 16:24:01
165,/r/mechmarket/comments/lp023e/usca_h_gmk_bleached_red_dragon_deskmat_w_paypal/,gmk bleached,['base'],210,base,2021-02-21 16:03:53
166,/r/mechmarket/comments/lop6r0/usmi_h_gmk_vaporwave_base_lf_alpaca_v2_switches_w/,gmk vaporwave,['base'],290,base,2021-02-21 04:42:41
167,/r/mechmarket/comments/loobl5/ustnh_gmk_bleached_rama_bleached_x_infinikey_cafe/,gmk bleached,['base'],200,base,2021-02-21 03:51:41
168,/r/mechmarket/comments/loo7jl/uspa_h_gmk_nautilus_2_corenoveltyrama_bronze_rex/,gmk nautilus,['base'],300,base,2021-02-21 03:45:00
169,/r/mechmarket/comments/loo7jl/uspa_h_gmk_nautilus_2_corenoveltyrama_bronze_rex/,gmk nautilus,['rama'],100,single,2021-02-21 03:45:00
170,/r/mechmarket/comments/lon506/uspah_keycult_no_265_j02_bocc_kbd8x_mkii_gmk/,gmk peaches,"['spacebars', 'base']",350,bundle,2021-02-21 02:42:17
171,/r/mechmarket/comments/lon506/uspah_keycult_no_265_j02_bocc_kbd8x_mkii_gmk/,gmk nautilus,"['novelties', 'spacebars', 'base']",400,bundle,2021-02-21 02:42:17
172,/r/mechmarket/comments/lompoz/uscah_91_cherry_mx_brown_bnib_jtk_vostok1_full/,gmk red,['base'],110,base,2021-02-21 02:17:28
173,/r/mechmarket/comments/lok7t6/ustx_h_nk_creams_ifk_islander_base_gmk_godspeed/,gmk godspeed,['base'],170,base,2021-02-21 00:00:35
174,/r/mechmarket/comments/lohbp9/uspa_h_gmk_camping_r2_gmk_coral_mito_godspeed_v2/,gmk coral,['base'],230,base,2021-02-20 21:35:54
175,/r/mechmarket/comments/logfvq/uscah_new_gmk_sets_olivia_light_base_olivia_rama/,gmk olivia,['light base'],350,base,2021-02-20 20:53:12
176,/r/mechmarket/comments/logfvq/uscah_new_gmk_sets_olivia_light_base_olivia_rama/,gmk olivia,"['base', 'rama']",300,bundle,2021-02-20 20:53:12
177,/r/mechmarket/comments/logfvq/uscah_new_gmk_sets_olivia_light_base_olivia_rama/,gmk bingsu,['base'],350,base,2021-02-20 20:53:12
178,/r/mechmarket/comments/logfvq/uscah_new_gmk_sets_olivia_light_base_olivia_rama/,gmk cafe,['base'],320,base,2021-02-20 20:53:12
179,/r/mechmarket/comments/logfvq/uscah_new_gmk_sets_olivia_light_base_olivia_rama/,gmk taro,['base'],300,base,2021-02-20 20:53:12
180,/r/mechmarket/comments/lofwcf/usny_h_rose_gold_vega_gmk_taro_r2_gmk_sandstorm/,gmk taro,['base'],300,base,2021-02-20 20:27:24
181,/r/mechmarket/comments/lofwcf/usny_h_rose_gold_vega_gmk_taro_r2_gmk_sandstorm/,gmk sandstorm,['base'],300,base,2021-02-20 20:27:24
182,/r/mechmarket/comments/loctml/usnj_h_gmk_carbon_tada68_w_zealios_65g_and_orange/,gmk carbon,['base'],185,base,2021-02-20 18:07:14
183,/r/mechmarket/comments/loctml/usnj_h_gmk_carbon_tada68_w_zealios_65g_and_orange/,gmk caps,['base'],120,base,2021-02-20 18:07:14
184,/r/mechmarket/comments/loatqy/uspa_h_artisans_keypora_shishi_etf_jak_and/,gmk ta,"['mods', 'accent', 'alpha']",170,other,2021-02-20 16:37:11
185,/r/mechmarket/comments/loa42e/uspr_h_gmk_camping_r2_gmk_dmg_r2_scraft_pok√©mon/,gmk dmg,['base'],350,base,2021-02-20 16:03:20
186,/r/mechmarket/comments/lo3oi6/uspa_hpbt_islander_full_set_desk_mat_gmk_burgundy/,gmk first,"['novelties', 'spacebars', 'base']",250,bundle,2021-02-20 09:32:50
187,/r/mechmarket/comments/lo3oi6/uspa_hpbt_islander_full_set_desk_mat_gmk_burgundy/,gmk sharkbait,['novelties'],60,single,2021-02-20 09:32:50
188,/r/mechmarket/comments/lo3oi6/uspa_hpbt_islander_full_set_desk_mat_gmk_burgundy/,gmk zhuyin,['base'],120,base,2021-02-20 09:32:50
189,/r/mechmarket/comments/lo3oi6/uspa_hpbt_islander_full_set_desk_mat_gmk_burgundy/,gmk zhuyin,['base'],120,base,2021-02-20 09:32:50
190,/r/mechmarket/comments/lo004c/uscah_gmk_dmg_base_yarbo_cable_w_paypal_local_cash/,gmk dmg,['base'],360,base,2021-02-20 05:18:04
191,/r/mechmarket/comments/lnyniq/usca_h_kbd8x_mkii_rose_gold_kbdpad_mkii_rose_gold/,gmk denim,['base'],150,base,2021-02-20 03:59:41
192,/r/mechmarket/comments/lnxj68/usnv_h_gmk_miami_gmk_8008_accent_kit_w_paypal/,gmk 8008,['accent'],65,single,2021-02-20 02:57:35
193,/r/mechmarket/comments/lnxj68/usnv_h_gmk_miami_gmk_8008_accent_kit_w_paypal/,gmk miami,['base'],200,base,2021-02-20 02:57:35
194,/r/mechmarket/comments/lnvesh/usca_h_gmk_bleached_gmk_bento_salvador_sumi/,gmk bleached,['base'],210,base,2021-02-20 01:04:34
195,/r/mechmarket/comments/lnvesh/usca_h_gmk_bleached_gmk_bento_salvador_sumi/,gmk bento,['base'],280,base,2021-02-20 01:04:34
196,/r/mechmarket/comments/lnsaoi/usca_h_gmk_taro_boba_alphas_gmk_n9_relegendables/,gmk taro,['alpha'],110,single,2021-02-19 22:35:15
197,/r/mechmarket/comments/lnqlq3/usco_h_kat_milkshake_gmk_night_runner_epbt_cool/,gmk night,['base'],300,base,2021-02-19 21:12:58
198,/r/mechmarket/comments/lnq0jm/usca_h_artisans_gmk_triumph_adler_w_paypal_trades/,gmk triumph,['base'],150,base,2021-02-19 20:43:18
199,/r/mechmarket/comments/lnpwh6/uspah_think_65v2_1u_stormtrooper_hive60_black/,gmk ursa,"['novelties', 'rama']",125,other,2021-02-19 20:38:28
200,/r/mechmarket/comments/lnny9y/uswah_olivia_light_base_dark_base_spacebars_gmk/,gmk olivia,['dark base'],295,base,2021-02-19 19:15:07
201,/r/mechmarket/comments/lnny9y/uswah_olivia_light_base_dark_base_spacebars_gmk/,gmk olivia,['light base'],365,base,2021-02-19 19:15:07
202,/r/mechmarket/comments/lnny9y/uswah_olivia_light_base_dark_base_spacebars_gmk/,gmk olivia,"['spacebars', 'base']",70,bundle,2021-02-19 19:15:07
203,/r/mechmarket/comments/lnny9y/uswah_olivia_light_base_dark_base_spacebars_gmk/,gmk camping,['base'],275,base,2021-02-19 19:15:07
204,/r/mechmarket/comments/lnny9y/uswah_olivia_light_base_dark_base_spacebars_gmk/,gmk camping,['novelties'],70,single,2021-02-19 19:15:07
205,/r/mechmarket/comments/lnjqqj/usnjh_space65_cv_bruce_lee_extras_gmk_nautilus_2/,gmk nautilus,['base'],300,base,2021-02-19 16:20:10
206,/r/mechmarket/comments/lnjqqj/usnjh_space65_cv_bruce_lee_extras_gmk_nautilus_2/,gmk nautilus,['novelties'],65,single,2021-02-19 16:20:10
207,/r/mechmarket/comments/lngg2y/usma_h_gmk_nautilus_2_core_and_spacebar_og_cherry/,gmk nautilus,['spacebars'],5,single,2021-02-19 13:57:25
208,/r/mechmarket/comments/lngg2y/usma_h_gmk_nautilus_2_core_and_spacebar_og_cherry/,gmk 7u,['spacebars'],5,single,2021-02-19 13:57:25
209,/r/mechmarket/comments/ln9kos/caon_h_gmk_oblivion_git_gmk_metropolis_xda_canvas/,gmk oblivion,['base'],260,base,2021-02-19 07:05:49
210,/r/mechmarket/comments/ln9kos/caon_h_gmk_oblivion_git_gmk_metropolis_xda_canvas/,gmk metropolis,['base'],360,base,2021-02-19 07:05:49
211,/r/mechmarket/comments/ln95uu/usca_h_austin_jetfire_octagon_datamancer_gmk_dark/,gmk dark,['base'],260,base,2021-02-19 06:41:13
212,/r/mechmarket/comments/ln95uu/usca_h_austin_jetfire_octagon_datamancer_gmk_dark/,gmk miami,['base'],220,base,2021-02-19 06:41:13
213,/r/mechmarket/comments/ln95uu/usca_h_austin_jetfire_octagon_datamancer_gmk_dark/,gmk wob,['base'],100,base,2021-02-19 06:41:13
214,/r/mechmarket/comments/ln95uu/usca_h_austin_jetfire_octagon_datamancer_gmk_dark/,gmk wob,['base'],95,base,2021-02-19 06:41:13
215,/r/mechmarket/comments/ln7tpt/usil_h_gmk_godspeed_w_extras_gmk_kaiju_w_extras/,gmk kaiju,['base'],330,base,2021-02-19 05:27:30
216,/r/mechmarket/comments/ln7tpt/usil_h_gmk_godspeed_w_extras_gmk_kaiju_w_extras/,gmk godspeed,"['novelties', 'spacebars', 'base']",300,bundle,2021-02-19 05:27:30
217,/r/mechmarket/comments/ln6h7i/usny_h_crp_r3_xerox_6001desko_black_kuro_shiro/,gmk modern,['rama'],110,single,2021-02-19 04:17:48
218,/r/mechmarket/comments/ln6al4/usny_h_gmk_nautilus_2_core_and_novelties_w_paypal/,gmk nautilus,['novelties'],300,single,2021-02-19 04:08:50
219,/r/mechmarket/comments/ln6al4/usny_h_gmk_nautilus_2_core_and_novelties_w_paypal/,gmk nautilus,['novelties'],50,single,2021-02-19 04:08:50
220,/r/mechmarket/comments/ln3e8f/caon_h_black_voice65_hotswap_pc_kbd67_mkii_gmk/,gmk noel,['base'],280,base,2021-02-19 01:43:52
221,/r/mechmarket/comments/ln2mxo/usmnh_gmk_nautilus_r2_novelties_w_paypal/,gmk nautilus,['base'],300,base,2021-02-19 01:06:21
222,/r/mechmarket/comments/ln2mxo/usmnh_gmk_nautilus_r2_novelties_w_paypal/,gmk nautilus,['novelties'],85,single,2021-02-19 01:06:21
223,/r/mechmarket/comments/ln1klj/euat_h_closet_cleanout_keebwerk_nano_gmk/,gmk handarbeit,['base'],370,base,2021-02-19 00:15:30
224,/r/mechmarket/comments/ln0mnq/usca_h_gmk_olivia_light_base_pbt_islander_base/,gmk olivia,['light base'],350,base,2021-02-18 23:32:09
225,/r/mechmarket/comments/ln04ma/usca_h_gmk_bleached_base_and_spacebar_w_paypal/,gmk bleached,"['spacebars', 'base']",240,bundle,2021-02-18 23:09:11
226,/r/mechmarket/comments/lmyzmn/usca_h_gmk_nines_r2_crp_peacock_r22_w_paypal/,gmk nines,['base'],220,base,2021-02-18 22:19:41
227,/r/mechmarket/comments/lmvds9/usvah_bro_caps_keyporas_switches_gmk_boba_fett_w/,gmk boba,['base'],400,base,2021-02-18 19:45:55
228,/r/mechmarket/comments/lmuiar/usva_h_gmk_cafe_mark_65_pc_canoe_tofu_kat_dp0385/,gmk cafe,"['spacebars', 'base']",410,bundle,2021-02-18 19:09:32
229,/r/mechmarket/comments/lmscjk/usca_h_gmk_taro_r2_boba_alphas_sealed_kfe_ce_wkl/,gmk taro,['base'],295,base,2021-02-18 17:39:07
230,/r/mechmarket/comments/lmscjk/usca_h_gmk_taro_r2_boba_alphas_sealed_kfe_ce_wkl/,gmk taro,['alpha'],5,single,2021-02-18 17:39:07
231,/r/mechmarket/comments/lmscjk/usca_h_gmk_taro_r2_boba_alphas_sealed_kfe_ce_wkl/,gmk taro,['alpha'],130,single,2021-02-18 17:39:07
232,/r/mechmarket/comments/lmscjk/usca_h_gmk_taro_r2_boba_alphas_sealed_kfe_ce_wkl/,gmk taro,['base'],5,base,2021-02-18 17:39:07
233,/r/mechmarket/comments/lmr8n2/uspah_nk65v2_with_t1s_switch_lube_bundle_w_paypal/,gmk hyperfuse,['accent'],175,single,2021-02-18 16:54:03
234,/r/mechmarket/comments/lmefta/sg_h_gmk_taro_r2_base_gmk_nautilus_r2_base_w/,gmk taro,['base'],305,base,2021-02-18 05:10:32
235,/r/mechmarket/comments/lmefta/sg_h_gmk_taro_r2_base_gmk_nautilus_r2_base_w/,gmk nautilus,['base'],320,base,2021-02-18 05:10:32
236,/r/mechmarket/comments/lme5gm/cnh_gmk_first_love_epbt_simpleja_rama_artisan/,gmk first,"['novelties', 'spacebars', 'base']",390,bundle,2021-02-18 04:54:40
237,/r/mechmarket/comments/lme5gm/cnh_gmk_first_love_epbt_simpleja_rama_artisan/,gmk botanical,"['base', 'rama']",125,bundle,2021-02-18 04:54:40
238,/r/mechmarket/comments/lmc7fd/usky_h_gmk_metaverse_canoe_gen_2_mhkb_and_more_w/,gmk metaverse,['base'],275,base,2021-02-18 03:07:51
239,/r/mechmarket/comments/lmc7fd/usky_h_gmk_metaverse_canoe_gen_2_mhkb_and_more_w/,gmk oblivion,['base'],250,base,2021-02-18 03:07:51
240,/r/mechmarket/comments/lmasad/caon_h_ryloo_hello_m0110_gmk_kaiju_epbt_classic/,gmk kaiju,['base'],290,base,2021-02-18 01:53:46
241,/r/mechmarket/comments/lm8dni/uscah_lubed_white_hhkb_pro_2_types_japanese_topre/,gmk dark,['base'],70,base,2021-02-17 23:53:55
242,/r/mechmarket/comments/lm7rhg/usva_h_gmk_sandstorm_base_spacebars_ewhite/,gmk sandstorm,['base'],325,base,2021-02-17 23:24:15
243,/r/mechmarket/comments/lm6ur4/uscah_space65_cv_ironman_space65_cv_blue_matrix/,gmk 8008,"['spacebars', 'accent', 'base']",390,bundle,2021-02-17 22:43:25
244,/r/mechmarket/comments/lm6ur4/uscah_space65_cv_ironman_space65_cv_blue_matrix/,gmk phosphorous,"['spacebars', 'base']",330,bundle,2021-02-17 22:43:25
245,/r/mechmarket/comments/lm6ur4/uscah_space65_cv_ironman_space65_cv_blue_matrix/,gmk nines,['base'],220,base,2021-02-17 22:43:25
246,/r/mechmarket/comments/lm6dgw/usin_h_gmk_peaches_n_cream_sa_vilebloom/,gmk peaches,['base'],320,base,2021-02-17 22:21:16
247,/r/mechmarket/comments/lm4yv8/usca_h_keycult_160_rev_1_blackteal_b_stock_w/,gmk nines,['base'],140,base,2021-02-17 21:18:02
248,/r/mechmarket/comments/lm0jxf/usca_h_burgundy_tofu60_gmk_pulse_base_novelties/,gmk red,['base'],120,base,2021-02-17 18:03:15
249,/r/mechmarket/comments/llqm94/usca_h_gmk_olivia_dark_base_spacebars_epbt_cool/,gmk olivia,"['dark base', 'spacebars']",290,bundle,2021-02-17 09:30:19
250,/r/mechmarket/comments/lkwxxq/usnj_h_grid_600_topre_realforce_87u_55g_gmk_laser/,gmk laser,"['spacebars', 'base', 'alpha']",400,bundle,2021-02-16 05:34:12
251,/r/mechmarket/comments/lkruiu/kr_h_voice65_blackhotswap_solder_pcb_gmk_noel/,gmk noel,['base'],270,base,2021-02-16 00:55:36
252,/r/mechmarket/comments/lknrdu/usnc_h_gmk_taro_base_gmk_olivia_dark_base_mizu/,gmk taro,['base'],295,base,2021-02-15 21:33:40
253,/r/mechmarket/comments/lknrdu/usnc_h_gmk_taro_base_gmk_olivia_dark_base_mizu/,gmk olivia,['dark base'],295,base,2021-02-15 21:33:40
254,/r/mechmarket/comments/lkng7y/caon_h_gmk_alter_base_novelties_vega_solder_pcb/,gmk alter,"['novelties', 'base']",500,bundle,2021-02-15 21:19:05
255,/r/mechmarket/comments/lkml5l/usca_h_mode_eighty_deep_navy_hotswap_with_extra/,gmk bleached,['rama'],110,single,2021-02-15 20:39:50
256,/r/mechmarket/comments/lkm7vm/usca_h_gmk_zhuyin_wob_keyforge_shishi_lord_of_ivy/,gmk zhuyin,['alpha'],170,single,2021-02-15 20:22:37
257,/r/mechmarket/comments/lkk9ts/eude_h_gmk_rudy_base_spacebars_dark_horse_sealed/,gmk rudy,"['spacebars', 'base', 'alpha']",480,bundle,2021-02-15 18:55:02
258,/r/mechmarket/comments/lkirpq/usvah_gmk_nautilus_r2_base_kit_unopened_lubed/,gmk nautilus,['base'],200,base,2021-02-15 17:46:07
259,/r/mechmarket/comments/lki6h2/ussc_h_homerowco_acrylic_alice_mechlovin_alice/,gmk honeywell,['base'],200,base,2021-02-15 17:18:39
260,/r/mechmarket/comments/lkhv7m/uspa_h_gmk_boba_fett_sealed_w_paypal_conus_only/,gmk boba,['base'],425,base,2021-02-15 17:04:08
261,/r/mechmarket/comments/lk606c/cnh_epbt_simpleja_all_kits_rama_heavy_industry_r1/,gmk taro,['novelties'],80,single,2021-02-15 04:49:55
262,/r/mechmarket/comments/lk606c/cnh_epbt_simpleja_all_kits_rama_heavy_industry_r1/,gmk botanical,['base'],150,base,2021-02-15 04:49:55
263,/r/mechmarket/comments/lk2hvp/usny_h_mode_80_1e_monstargear_xo_v3_gmk_kaiju_w/,gmk kaiju,"['deskmat', 'base']",250,bundle,2021-02-15 01:31:03
264,/r/mechmarket/comments/lk1aqv/usca_h_rama_u80a_gmk_finer_things_bundle_kat/,gmk finer,"['novelties', 'spacebars', 'base']",400,bundle,2021-02-15 00:25:56
265,/r/mechmarket/comments/lk11wh/usca_h_gmk_kaiju_keypora_epbt_cool_kids_smiley/,gmk kaiju,['base'],250,base,2021-02-15 00:13:11
266,/r/mechmarket/comments/lk0wc1/ustn_h_fox_lab_leaf60_matrix_labs_abel_gmk_kaiju/,gmk kaiju,"['novelties', 'deskmat', 'base']",280,bundle,2021-02-15 00:05:14
267,/r/mechmarket/comments/ljzkg9/usoh_h_artisans_arrows_gray_studio_su_keyboard/,gmk spacebar,['spacebars'],40,single,2021-02-14 22:57:01
268,/r/mechmarket/comments/ljkqh8/eude_h_noah_65_wkl_gmk_nines_alice_spacebars_crp/,gmk nines,"['spacebars', 'base']",204,bundle,2021-02-14 08:31:24
269,/r/mechmarket/comments/ljicy8/usny_h_kbd67_mkii_polycarb_hotswap_build_kiwis/,gmk delta,['base'],300,base,2021-02-14 05:36:19
270,/r/mechmarket/comments/ljhya0/uscah_gmk_nautilus_r2_core_novelties_rama_alpha/,gmk nautilus,"['novelties', 'rama']",450,other,2021-02-14 05:10:31
271,/r/mechmarket/comments/ljelf8/uscahgmk_merlin_gmk_first_love_novelties/,gmk merlin,['base'],200,base,2021-02-14 01:49:20
272,/r/mechmarket/comments/ljelf8/uscahgmk_merlin_gmk_first_love_novelties/,gmk first,['novelties'],80,single,2021-02-14 01:49:20
273,/r/mechmarket/comments/ljcugs/ustx_h_gmk_striker_core_sealed_w_paypal/,gmk striker,['base'],350,base,2021-02-14 00:10:06
274,/r/mechmarket/comments/ljcao4/usva_h_camping_r2_base_spacebars_novelties/,gmk camping,"['novelties', 'spacebars', 'base']",325,bundle,2021-02-13 23:40:47
275,/r/mechmarket/comments/ljcao4/usva_h_camping_r2_base_spacebars_novelties/,gmk camping,['cable'],340,single,2021-02-13 23:40:47
276,/r/mechmarket/comments/ljb5ti/ustn_h_gmk_firefly_w_paypal/,gmk firefly,['base'],275,base,2021-02-13 22:40:35
277,/r/mechmarket/comments/ljau6i/usca_h_vega_grey_hotswappc_plate_fr4_plate_w/,gmk umbra,['base'],270,base,2021-02-13 22:23:40
278,/r/mechmarket/comments/ljatr6/usga_h_gmk_darling_spacebars_extensions_alphas/,gmk darling,['alpha'],160,single,2021-02-13 22:23:04
279,/r/mechmarket/comments/ljatr6/usga_h_gmk_darling_spacebars_extensions_alphas/,gmk darling,['spacebars'],95,single,2021-02-13 22:23:04
280,/r/mechmarket/comments/ljatr6/usga_h_gmk_darling_spacebars_extensions_alphas/,gmk darling,['extension'],80,single,2021-02-13 22:23:04
281,/r/mechmarket/comments/lj91ei/usin_h_stormtrooper_think65_v20_ifk_rainbow/,gmk darling,"['40s', 'spacebars', 'alpha']",225,other,2021-02-13 20:55:08
282,/r/mechmarket/comments/lj8bhq/usmn_h_gmk_nautilus_2_core_and_deskpad_epbt_retro/,gmk nautilus,['base'],260,base,2021-02-13 20:19:16
283,/r/mechmarket/comments/lj8bhq/usmn_h_gmk_nautilus_2_core_and_deskpad_epbt_retro/,gmk nautilus,['deskmat'],30,single,2021-02-13 20:19:16
284,/r/mechmarket/comments/lj84gy/uscah_ffff_tactile_switches_lf_alpaca_uhmwpe/,gmk nines,['base'],230,base,2021-02-13 20:09:42
285,/r/mechmarket/comments/lj60yu/uspah_nk65v2_with_t1s_gmk_hyperfuse_origins/,gmk hyperfuse,['accent'],200,single,2021-02-13 18:25:31
286,/r/mechmarket/comments/liut8d/usca_h_keycult_160_rev_1_blackteal_b_stock_w/,gmk nines,['base'],140,base,2021-02-13 06:13:37
287,/r/mechmarket/comments/lis0e9/usva_h_pc_canoe_tofu_matrix_noahthis_is_plastic/,gmk cafe,"['spacebars', 'base']",410,bundle,2021-02-13 03:19:44
288,/r/mechmarket/comments/lilnp8/usca_h_built_eo87_gmk_bingsu_epbt_kon_momo_taro/,gmk bingsu,['base'],350,base,2021-02-12 21:48:25
289,/r/mechmarket/comments/lilnp8/usca_h_built_eo87_gmk_bingsu_epbt_kon_momo_taro/,gmk dmg,['spacebars'],45,single,2021-02-12 21:48:25
290,/r/mechmarket/comments/liknyg/usnyh_gmk_olivia_darkcore_set_sealed_w_paypal/,gmk olivia,['alpha'],270,single,2021-02-12 21:01:55
291,/r/mechmarket/comments/lijr56/usmahgmk_nautilus_r2_novelties_drop_shift_with/,gmk nautilus,['novelties'],80,single,2021-02-12 20:18:56
292,/r/mechmarket/comments/liifkm/usmn_h_gmk_eclipse_pale_blue_accents_gmk_oblivion/,gmk eclipse,"['accent', 'base']",210,bundle,2021-02-12 19:17:40
293,/r/mechmarket/comments/liifkm/usmn_h_gmk_eclipse_pale_blue_accents_gmk_oblivion/,gmk oblivion,['base'],220,base,2021-02-12 19:17:40
294,/r/mechmarket/comments/lig15q/uswa_h_ai03_vega_gmk_ascii_qlavier_charcoal_quasi/,gmk ascii,"['40s', 'base']",300,bundle,2021-02-12 17:33:44
295,/r/mechmarket/comments/li61am/usca_h_gmk_olivia_dark_base_spacebars_epbt_cool/,gmk olivia,"['dark base', 'spacebars']",290,bundle,2021-02-12 07:14:43
296,/r/mechmarket/comments/li36w4/auh_gmk_noel_w_paypal_gmk_darling/,gmk noel,['base'],280,base,2021-02-12 04:02:44
297,/r/mechmarket/comments/li247w/ustx_h_gmk_metaverse_r2_infinikey_islander/,gmk metaverse,"['novelties', 'deskmat', 'base']",360,bundle,2021-02-12 03:03:04
298,/r/mechmarket/comments/lhx2lc/usidh_satisfaction_75_gold_cerakote_keycult_wrist/,gmk peaches,"['spacebars', 'base', 'rama', 'alpha']",320,bundle,2021-02-11 22:48:37
299,/r/mechmarket/comments/lhiwyj/usmo_h_gmk_olivia_base_and_spacebars_90x_lubed/,gmk olivia,"['spacebars', 'base']",350,bundle,2021-02-11 11:34:34
300,/r/mechmarket/comments/lhhczz/eude_h_alf_x_scott_g60_invyr_holy_pandas_gmk_wob/,gmk wob,['base'],192,base,2021-02-11 09:43:38
301,/r/mechmarket/comments/lhe27i/usil_h_gazzew_u4_boba_silent_tactile_switches_62g/,gmk zhuyin,['base'],130,base,2021-02-11 05:43:43
302,/r/mechmarket/comments/lhe27i/usil_h_gazzew_u4_boba_silent_tactile_switches_62g/,gmk wob,['base'],145,base,2021-02-11 05:43:43
303,/r/mechmarket/comments/lhc026/usnc_h_gmk_coral_coral_relief_kit_w_paypal/,gmk coral,['alpha'],400,single,2021-02-11 03:38:54
304,/r/mechmarket/comments/lhas9n/usnc_h_gmk_fuyu_sealed_gmk_fuyu_deskmat_netizen/,gmk fuyu,['base'],300,base,2021-02-11 02:33:12
305,/r/mechmarket/comments/lhas9n/usnc_h_gmk_fuyu_sealed_gmk_fuyu_deskmat_netizen/,gmk fuyu,['deskmat'],45,single,2021-02-11 02:33:12
306,/r/mechmarket/comments/lhas9n/usnc_h_gmk_fuyu_sealed_gmk_fuyu_deskmat_netizen/,gmk olivia,['deskmat'],50,single,2021-02-11 02:33:12
307,/r/mechmarket/comments/lhas9n/usnc_h_gmk_fuyu_sealed_gmk_fuyu_deskmat_netizen/,gmk dots,['deskmat'],45,single,2021-02-11 02:33:12
308,/r/mechmarket/comments/lh9pnt/usca_h_unopened_gmk_minimal_x_latrialum/,gmk minimal,['base'],150,base,2021-02-11 01:38:17
309,/r/mechmarket/comments/lh9kbc/usvah_gmk_mizu_base_very_lightly_used_sealed_gmk/,gmk mizu,['base'],340,base,2021-02-11 01:30:47
310,/r/mechmarket/comments/lh7s05/usma_h_navy_satisfaction_75_gmk_metropolis_rama/,gmk metropolis,"['deskmat', 'base', 'alpha']",325,bundle,2021-02-11 00:01:03
311,/r/mechmarket/comments/lh6bql/usca_h_rama_u80a_kuromilk_gmk_finer_things_base/,gmk finer,"['novelties', 'spacebars', 'base']",450,bundle,2021-02-10 22:53:45
312,/r/mechmarket/comments/lh6a5l/usga_h_gmk_nautilus_r2_core_kit_w_paypal/,gmk nautilus,"['novelties', 'base']",230,bundle,2021-02-10 22:51:34
313,/r/mechmarket/comments/lh3h00/usma_h_gmk_nautilus_2_infinikey_strawberry/,gmk nautilus,['base'],265,base,2021-02-10 20:49:05
314,/r/mechmarket/comments/lh1n0g/usma_h_kfe_wkl_pc_gmk_alter_base_falter_novelties/,gmk alter,"['novelties', 'spacebars', 'base']",575,bundle,2021-02-10 19:32:17
315,/r/mechmarket/comments/lh1n0g/usma_h_kfe_wkl_pc_gmk_alter_base_falter_novelties/,gmk taro,"['novelties', 'mods', 'alpha']",320,other,2021-02-10 19:32:17
316,/r/mechmarket/comments/lgzazv/eude_h_gmk_moondust_base_kit_w_paypal/,gmk moondust,"['cable', 'base']",228,bundle,2021-02-10 17:52:47
317,/r/mechmarket/comments/lgxndt/ustxh_gmk_camping_r2_base_novelties_spacebars/,gmk camping,"['novelties', 'spacebars', 'base']",380,bundle,2021-02-10 16:41:54
318,/r/mechmarket/comments/lgxndt/ustxh_gmk_camping_r2_base_novelties_spacebars/,gmk camping,"['novelties', 'alpha']",275,other,2021-02-10 16:41:54
319,/r/mechmarket/comments/lgxndt/ustxh_gmk_camping_r2_base_novelties_spacebars/,gmk ursa,"['novelties', 'spacebars', 'base']",320,bundle,2021-02-10 16:41:54
320,/r/mechmarket/comments/lgwtfw/ussc_h_homerowco_acrylic_alice_gmk_honeywell_dsa/,gmk honeywell,['base'],200,base,2021-02-10 16:05:01
321,/r/mechmarket/comments/lgrpe2/euuk_h_gmk_oblivion_v2_git_base_hagoromo_alphas/,gmk oblivion,"['mods', 'base', 'alpha']",238,bundle,2021-02-10 11:26:26
322,/r/mechmarket/comments/lgrpe2/euuk_h_gmk_oblivion_v2_git_base_hagoromo_alphas/,gmk oblivion,['alpha'],42,single,2021-02-10 11:26:26
323,/r/mechmarket/comments/lg9lho/usca_h_built_exclusive_e85_at_cost_thermal/,gmk godspeed,['base'],160,base,2021-02-09 18:17:44
324,/r/mechmarket/comments/lg78zq/uscah_tm_x_tgr_jane_15_rama_m65b_milk_m6a/,gmk olivia,"['extension', 'base']",360,bundle,2021-02-09 16:37:41
325,/r/mechmarket/comments/lg78zq/uscah_tm_x_tgr_jane_15_rama_m65b_milk_m6a/,gmk olivia,['base'],240,base,2021-02-09 16:37:41
326,/r/mechmarket/comments/lg78zq/uscah_tm_x_tgr_jane_15_rama_m65b_milk_m6a/,gmk taro,"['base', 'alpha']",400,bundle,2021-02-09 16:37:41
327,/r/mechmarket/comments/lg78zq/uscah_tm_x_tgr_jane_15_rama_m65b_milk_m6a/,gmk jamon,"['40s', 'base']",360,bundle,2021-02-09 16:37:41
328,/r/mechmarket/comments/lg0zsz/usca_h_gmk_nautilus_nightmares_base_novelties/,gmk nautilus,"['novelties', 'base']",265,bundle,2021-02-09 11:37:16
329,/r/mechmarket/comments/lfwuko/usca_h_nk65_beige_ee_gmk_camping_deskmat/,gmk camping,['deskmat'],30,single,2021-02-09 06:57:02
330,/r/mechmarket/comments/lftjzu/usca_hexclusive_poly_e65_gmk_8008_gmk_olive_w/,gmk 8008,"['accent', 'base']",270,bundle,2021-02-09 03:31:02
331,/r/mechmarket/comments/lfqiyk/usvahdiscipline_65_w_nk_creams_pc_fanoe_drop_alt/,gmk skidolcha,['base'],130,base,2021-02-09 00:47:39
332,/r/mechmarket/comments/lfq1mk/usny_h_chimera65_navy_w_gmk_rudy_bundle_mark65/,gmk rudy,['base'],300,base,2021-02-09 00:22:18
333,/r/mechmarket/comments/lfpv6r/usca_h_rama_m65b_moon_hotswap_winternal_dampener/,gmk taro,"['novelties', 'alpha']",170,other,2021-02-09 00:13:12
334,/r/mechmarket/comments/lfoqfj/cabc_h_gmk_fuyu_fade_deskmat_87x_415keys_uhmwpe/,gmk fuyu,['deskmat'],35,single,2021-02-08 23:17:30
335,/r/mechmarket/comments/lfj5rm/usvahclueboard_v3v4_wonderland_budding_lilac_egg/,gmk red,['base'],90,base,2021-02-08 19:09:09
336,/r/mechmarket/comments/lfj5rm/usvahclueboard_v3v4_wonderland_budding_lilac_egg/,gmk sky,"['spacebars', 'base']",200,bundle,2021-02-08 19:09:09
337,/r/mechmarket/comments/lfiwek/usilhgmk_classic_retro_originative_gmk_spacekeys/,gmk classic,['base'],210,base,2021-02-08 18:58:17
338,/r/mechmarket/comments/lfhvi8/ustx_h_nib_gmk_dmg_with_space_bar_kit_replacement/,gmk dmg,"['spacebars', 'base']",330,bundle,2021-02-08 18:12:58
339,/r/mechmarket/comments/lfh0l0/usmih_gmk_taro_base_kit_custom_cables_w_paypal/,gmk taro,['base'],260,base,2021-02-08 17:35:49
340,/r/mechmarket/comments/lffujc/eude_h_noah_65_wkl_ansi_4mm_brass_plate_gmk_noel/,gmk noel,"['novelties', 'base']",300,bundle,2021-02-08 16:45:03
341,/r/mechmarket/comments/lfebgo/ussc_h_homerowco_acrylic_alice_gmk_honeywell_dsa/,gmk honeywell,['base'],200,base,2021-02-08 15:35:55
342,/r/mechmarket/comments/lez6x7/caonh_gmk_olivia_light_monstargear_alu_xo_v2_w/,gmk olivia,['light base'],320,base,2021-02-08 00:00:52
343,/r/mechmarket/comments/lcoycb/euuk_h_pc_singa_v2_gmk_dmg_modo_r1_epbt_9009_mt3/,gmk dmg,['base'],280,base,2021-02-04 20:16:45
344,/r/mechmarket/comments/lcoycb/euuk_h_pc_singa_v2_gmk_dmg_modo_r1_epbt_9009_mt3/,gmk modern,"['spacebars', 'base']",350,bundle,2021-02-04 20:16:45
345,/r/mechmarket/comments/lco5cr/usok_h_gmk_taro_r2_base_kit_accents_w_paypal/,gmk taro,['base'],300,base,2021-02-04 19:43:56
346,/r/mechmarket/comments/lco5cr/usok_h_gmk_taro_r2_base_kit_accents_w_paypal/,gmk taro,['accent'],45,single,2021-02-04 19:43:56
347,/r/mechmarket/comments/lco5cr/usok_h_gmk_taro_r2_base_kit_accents_w_paypal/,gmk taro,"['accent', 'base']",345,bundle,2021-02-04 19:43:56
348,/r/mechmarket/comments/lcl3hz/usca_h_gmk_red_samurai_65_kit_team_liquid_keycaps/,gmk red,['base'],80,base,2021-02-04 17:36:13
349,/r/mechmarket/comments/lcigxq/il_h_clearout_sale_keycaps_switches_artisans_w/,gmk olive,['40s'],55,single,2021-02-04 15:46:18
350,/r/mechmarket/comments/lcigxq/il_h_clearout_sale_keycaps_switches_artisans_w/,gmk korean,['base'],60,base,2021-02-04 15:46:18
351,/r/mechmarket/comments/lchjvo/eufr_h_kuro_thermal_extra_halt_plate_gmk/,gmk monochrome,['base'],252,base,2021-02-04 15:04:55
352,/r/mechmarket/comments/lcd1ad/usca_h_gmk_taro_r2_extras_side_snacksnovelties_w/,gmk taro,['novelties'],75,single,2021-02-04 10:40:02
353,/r/mechmarket/comments/lcaspj/sgh_sealed_gmk_sets_taro_r2_noel_w_paypal/,gmk noel,['base'],300,base,2021-02-04 07:58:24
354,/r/mechmarket/comments/lcaspj/sgh_sealed_gmk_sets_taro_r2_noel_w_paypal/,gmk taro,"['accent', 'base']",315,bundle,2021-02-04 07:58:24
355,/r/mechmarket/comments/lc78yx/ustx_h_keycult_160_ewhite_brass_gmk_darling_rama/,gmk darling,['rama'],130,single,2021-02-04 04:15:31
356,/r/mechmarket/comments/lc6aej/usny_h_gmk_bingsu_text_mods_gmk_taro_boba_alphas/,gmk bingsu,['mods'],70,single,2021-02-04 03:23:01
357,/r/mechmarket/comments/lc6aej/usny_h_gmk_bingsu_text_mods_gmk_taro_boba_alphas/,gmk taro,['mods'],145,single,2021-02-04 03:23:01
358,/r/mechmarket/comments/lc4rd9/usaz_h_infinikey_islander_complete_set_gmk_olivia/,gmk olivia,"['novelties', 'base']",360,bundle,2021-02-04 02:05:53
359,/r/mechmarket/comments/lc4rd9/usaz_h_infinikey_islander_complete_set_gmk_olivia/,gmk taro,['base'],300,base,2021-02-04 02:05:53
360,/r/mechmarket/comments/lc4l20/uswah_gmk_botanical_novelties_green_rama_w_paypal/,gmk botanical,"['novelties', 'base', 'rama']",525,bundle,2021-02-04 01:57:10
361,/r/mechmarket/comments/lc1sci/usca_h_gmk_necro_gmk_eclipse_pale_blue_accents/,gmk necro,['base'],230,base,2021-02-03 23:41:12
362,/r/mechmarket/comments/lc1sci/usca_h_gmk_necro_gmk_eclipse_pale_blue_accents/,gmk eclipse,"['accent', 'base']",180,bundle,2021-02-03 23:41:12
363,/r/mechmarket/comments/lc0y0u/usmd_h_gmk_camping_r2_tofu_hhkb_kiwis_tangerines/,gmk camping,['base'],215,base,2021-02-03 23:01:56
364,/r/mechmarket/comments/lbzsto/usil_h_gmk_firefly_base_kit_kbdfans_d60_keyboard/,gmk firefly,['base'],240,base,2021-02-03 22:10:28
365,/r/mechmarket/comments/lbtrou/eude_hgmk_nautilus_2_ta_carbon_r1_realforce/,gmk nautilus,['novelties'],324,single,2021-02-03 18:04:11
366,/r/mechmarket/comments/lbtrou/eude_hgmk_nautilus_2_ta_carbon_r1_realforce/,gmk carbon,['base'],300,base,2021-02-03 18:04:11
367,/r/mechmarket/comments/lbl5wq/sg_h_gmk_sandstorm_base_space_w_paypal/,gmk sandstorm,['base'],315,base,2021-02-03 10:59:59
368,/r/mechmarket/comments/lbc76a/usnyhgmk_taro_mods_wpaypal/,gmk taro,['base'],280,base,2021-02-03 01:30:41
369,/r/mechmarket/comments/lbc76a/usnyhgmk_taro_mods_wpaypal/,gmk taro,['mods'],100,single,2021-02-03 01:30:41
370,/r/mechmarket/comments/lbbgy5/uscah_ungodly_stormtrooper_luna_60_slipline/,gmk noel,['base'],250,base,2021-02-03 00:53:31
371,/r/mechmarket/comments/lbbgy5/uscah_ungodly_stormtrooper_luna_60_slipline/,gmk dots,['base'],250,base,2021-02-03 00:53:31
372,/r/mechmarket/comments/lbbgy5/uscah_ungodly_stormtrooper_luna_60_slipline/,gmk wob,['base'],100,base,2021-02-03 00:53:31
373,/r/mechmarket/comments/lb9t4a/usca_hbuilt_poly_e65_frost_alice_by_switch/,gmk olivia,['light base'],350,base,2021-02-02 23:29:59
374,/r/mechmarket/comments/lb9t4a/usca_hbuilt_poly_e65_frost_alice_by_switch/,gmk 8008,"['accent', 'base']",330,bundle,2021-02-02 23:29:59
375,/r/mechmarket/comments/lb9t4a/usca_hbuilt_poly_e65_frost_alice_by_switch/,gmk metaverse,"['novelties', 'spacebars', 'base']",470,bundle,2021-02-02 23:29:59
376,/r/mechmarket/comments/lb8vkm/usga_h_obliterated75_gmk_sumi_much_more_w_paypal/,gmk sumi,['cable'],85,single,2021-02-02 22:46:09
377,/r/mechmarket/comments/lb1ark/usct_hgmk_first_love_gmk_taro_r2_gmk_night/,gmk first,"['novelties', 'spacebars', 'base', 'rama']",550,bundle,2021-02-02 17:32:07
378,/r/mechmarket/comments/lb1ark/usct_hgmk_first_love_gmk_taro_r2_gmk_night/,gmk taro,"['novelties', 'spacebars', 'accent', 'base']",600,bundle,2021-02-02 17:32:07
379,/r/mechmarket/comments/lb1ark/usct_hgmk_first_love_gmk_taro_r2_gmk_night/,gmk taro,"['novelties', 'base']",400,bundle,2021-02-02 17:32:07
380,/r/mechmarket/comments/lb1ark/usct_hgmk_first_love_gmk_taro_r2_gmk_night/,gmk night,"['novelties', 'spacebars', 'base']",500,bundle,2021-02-02 17:32:07
381,/r/mechmarket/comments/lb1ark/usct_hgmk_first_love_gmk_taro_r2_gmk_night/,gmk rudy,['base'],160,base,2021-02-02 17:32:07
382,/r/mechmarket/comments/lb16qr/usny_h_minivan_with_gmk_n6tu1cr_w_paypal/,gmk n6tu1,['base'],215,base,2021-02-02 17:27:41
383,/r/mechmarket/comments/law1k1/euuk_h_aanzee_gmk_dmg_realforce_jis_w_paypal/,gmk dmg,"['spacebars', 'base']",300,bundle,2021-02-02 13:59:41
384,/r/mechmarket/comments/lansi4/uscah_artisans_and_rama_treysw_paypal/,gmk redline,['base'],125,base,2021-02-02 04:51:24
385,/r/mechmarket/comments/lanr2i/usmi_h_gskt00_prime_elise_gmk_olivia_dark_ifk/,gmk olivia,['base'],250,base,2021-02-02 04:49:04
386,/r/mechmarket/comments/lamp7l/ustx_h_keycult_160_ewhite_bras_gmk_cafe_gmk/,gmk cafe,['spacebars'],300,single,2021-02-02 03:50:06
387,/r/mechmarket/comments/lamp7l/ustx_h_keycult_160_ewhite_bras_gmk_cafe_gmk/,gmk darling,['rama'],150,single,2021-02-02 03:50:06
388,/r/mechmarket/comments/lak3jh/usnj_h_gmk_vaporwave_base_set_w_spacebars_set_w/,gmk vaporwave,"['spacebars', 'base']",340,bundle,2021-02-02 01:32:07
389,/r/mechmarket/comments/laj5y7/usnvhfc750r_wpaypal/,gmk spacebar,['base'],60,base,2021-02-02 00:46:57
390,/r/mechmarket/comments/laielg/usny_h_crp_r2_desko_orange_legends_epbt_kuro/,gmk rgb,['base'],65,base,2021-02-02 00:10:09
391,/r/mechmarket/comments/lahlq6/usca_h_built_klippe_t_r4_gmk_red_samurai_pom/,gmk dots,['cable'],45,single,2021-02-01 23:33:18
392,/r/mechmarket/comments/lacq4q/usfl_h_rama_artisans_masterpiece_nautilus2_aether/,gmk masterpiece,['rama'],175,single,2021-02-01 20:09:25
393,/r/mechmarket/comments/lacq4q/usfl_h_rama_artisans_masterpiece_nautilus2_aether/,gmk masterpiece,['rama'],175,single,2021-02-01 20:09:25
394,/r/mechmarket/comments/lacq4q/usfl_h_rama_artisans_masterpiece_nautilus2_aether/,gmk masterpiece,['rama'],175,single,2021-02-01 20:09:25
395,/r/mechmarket/comments/lacq4q/usfl_h_rama_artisans_masterpiece_nautilus2_aether/,gmk nautilus,['rama'],200,single,2021-02-01 20:09:25
396,/r/mechmarket/comments/lacboa/usma_h_kira80_polaris_idb60_gmk_olivia_r1_epbt/,gmk olivia,['base'],300,base,2021-02-01 19:53:09
397,/r/mechmarket/comments/lac4e7/usok_h_gmk_taro_r2_base_kit_novelties_accents/,gmk taro,['base'],300,base,2021-02-01 19:44:39
398,/r/mechmarket/comments/lac4e7/usok_h_gmk_taro_r2_base_kit_novelties_accents/,gmk taro,['novelties'],55,single,2021-02-01 19:44:39
399,/r/mechmarket/comments/lac4e7/usok_h_gmk_taro_r2_base_kit_novelties_accents/,gmk taro,['accent'],45,single,2021-02-01 19:44:39
400,/r/mechmarket/comments/la9a52/usmd_h_gmk_oblivion_git_base_blue_tofu_60_case/,gmk oblivion,['base'],330,base,2021-02-01 17:51:30
401,/r/mechmarket/comments/la7jd3/usflh_gmk_crimson_cadet_w_paypal/,gmk crimson,['base'],210,base,2021-02-01 16:43:18
402,/r/mechmarket/comments/la6812/ustnh_space_65_cybervoyager_black_gold_gmk_dark/,gmk dark,['base'],250,base,2021-02-01 15:51:06
403,/r/mechmarket/comments/la6812/ustnh_space_65_cybervoyager_black_gold_gmk_dark/,gmk metaverse,"['novelties', 'base']",300,bundle,2021-02-01 15:51:06
