,link,product,sets,price,date,category
0,/r/mechmarket/comments/hj4fb6/usca_h_sa_olivia_gmk_peaches_n_cream_base_gmk/,gmk peaches,base,300,2020-07-01 05:47:56,base
1,/r/mechmarket/comments/hj4fb6/usca_h_sa_olivia_gmk_peaches_n_cream_base_gmk/,gmk oblivion,base,250,2020-07-01 05:47:56,base
2,/r/mechmarket/comments/hizfeh/usil_h_gmk_vaporwave_epbt_bow_rama_shrimp_on_the/,gmk vaporwave,base,260,2020-07-01 00:04:14,base
3,/r/mechmarket/comments/hiyfrc/usca_h_kat_milkshake_weirdos_mods_dots_fruits/,gmk camping,"base, novelties",265,2020-06-30 23:04:55,bundle
4,/r/mechmarket/comments/hixood/usny_h_bongo_gmk_9009_r3_rama_w_bongo_paypal/,gmk 9009,"base, rama",245,2020-06-30 22:21:56,bundle
5,/r/mechmarket/comments/hiut7q/ustx_hgmk_mizu_gmk_voc_violet_on_cream_w_paypal/,gmk mizu,base,450,2020-06-30 19:52:07,base
6,/r/mechmarket/comments/hiut7q/ustx_hgmk_mizu_gmk_voc_violet_on_cream_w_paypal/,gmk voc,base,160,2020-06-30 19:52:07,base
7,/r/mechmarket/comments/hiub9c/usilh_acrylic_tofu_w_hotswap_rgb_pcb_100x_lubed/,gmk pcb,base,220,2020-06-30 19:27:42,base
8,/r/mechmarket/comments/hisgv7/ustn_h_gmk_oblivion_v2_bundle_70x_okomochi/,gmk oblivion,base,260,2020-06-30 17:58:27,base
9,/r/mechmarket/comments/his2fi/ustx_h_gmk_nightrunner_gmk_paperwork_minivan/,gmk nightrunner,"base, spacebars, 40s",325,2020-06-30 17:38:24,bundle
10,/r/mechmarket/comments/his2fi/ustx_h_gmk_nightrunner_gmk_paperwork_minivan/,gmk paperwork,base,160,2020-06-30 17:38:24,base
11,/r/mechmarket/comments/hipxy9/usca_h_sa_bliss_novelties_e65_plate_and_pcb/,gmk dmg,base,400,2020-06-30 15:51:44,base
12,/r/mechmarket/comments/hinnv5/ustx_h_wob_hiragana_and_mitocons_65_plate_tofu_60/,gmk wob,base,275,2020-06-30 13:47:32,base
13,/r/mechmarket/comments/hifgoz/usca_h_gmk_dots_base_gmk_metro_and_signs_gmk/,gmk dots,base,350,2020-06-30 03:35:21,base
14,/r/mechmarket/comments/hifgoz/usca_h_gmk_dots_base_gmk_metro_and_signs_gmk/,gmk metro,base,360,2020-06-30 03:35:21,base
15,/r/mechmarket/comments/hifgoz/usca_h_gmk_dots_base_gmk_metro_and_signs_gmk/,gmk peaches,base,300,2020-06-30 03:35:21,base
16,/r/mechmarket/comments/hicfgh/uswa_h_gmk_oblivion_r2_in_original_box_w_paypal/,gmk oblivion,base,260,2020-06-30 00:24:48,base
17,/r/mechmarket/comments/hicfdp/uscah_artisans_bro_etf_kf_terminal_r2_n9tu2_w/,gmk terminal,"base, spacebars",275,2020-06-30 00:24:40,bundle
18,/r/mechmarket/comments/hia6g9/usma_h_e65_pc_with_lubed_gateron_black_inks_new/,gmk sets,base,270,2020-06-29 22:15:43,base
19,/r/mechmarket/comments/hi58s3/ustxh_rekt1800_polycarbonate_kbd67v2_mk_ii_tofu/,gmk mint,base,125,2020-06-29 18:14:36,base
20,/r/mechmarket/comments/hi4pov/euuk_h_gmk_8008_base_gmk_nightrunner_base/,gmk 8008,base,322,2020-06-29 17:49:29,base
21,/r/mechmarket/comments/hi4pov/euuk_h_gmk_8008_base_gmk_nightrunner_base/,gmk nightrunner,base,266,2020-06-29 17:49:29,base
22,/r/mechmarket/comments/hi4fwb/uswi_h_gmk_dots_base_w_paypal/,gmk dots,base,290,2020-06-29 17:36:13,base
23,/r/mechmarket/comments/hi0vxb/usiah_bauer_modern_dolch_gmk_chocolatier_w/,gmk modern,"base, spacebars",350,2020-06-29 14:30:39,bundle
24,/r/mechmarket/comments/hi0vxb/usiah_bauer_modern_dolch_gmk_chocolatier_w/,gmk chocolatier,"base, novelties, spacebars",300,2020-06-29 14:30:39,bundle
25,/r/mechmarket/comments/hhzc49/euuk_h_gmk_8008_modern_kit_gmk_8008_obscure_kit/,gmk 8008,base,120,2020-06-29 12:54:59,base
26,/r/mechmarket/comments/hhvrej/usco_h_gmk_9009_r3_unikorn_w_paypal/,gmk 9009,base,210,2020-06-29 07:55:45,base
27,/r/mechmarket/comments/hhqj6t/usca_h_h1_gmk_9009_kits_w_paypal/,gmk 9009,base,50,2020-06-29 01:16:16,base
28,/r/mechmarket/comments/hhonrr/uspahgmk_8008_bundle_gmk_voc_peaches_and_cream/,gmk 8008,"base, accent, deskmat, rama",500,2020-06-28 23:16:41,bundle
29,/r/mechmarket/comments/hhonrr/uspahgmk_8008_bundle_gmk_voc_peaches_and_cream/,gmk voc,base,250,2020-06-28 23:16:41,base
30,/r/mechmarket/comments/hhmdyh/usca_h_the_boobie_bundle_gmk_8008_base_8008/,gmk 8008,deskmat,300,2020-06-28 21:02:54,single
31,/r/mechmarket/comments/hhmdyh/usca_h_the_boobie_bundle_gmk_8008_base_8008/,gmk wasabi,base,210,2020-06-28 21:02:54,base
32,/r/mechmarket/comments/hhkxsu/usmi_h_gmk_sets_rama_salmon_keycap_w_paypal/,gmk merlin,"base, novelties",285,2020-06-28 19:42:24,bundle
33,/r/mechmarket/comments/hhkxsu/usmi_h_gmk_sets_rama_salmon_keycap_w_paypal/,gmk led,base,230,2020-06-28 19:42:24,base
34,/r/mechmarket/comments/hhkxsu/usmi_h_gmk_sets_rama_salmon_keycap_w_paypal/,gmk tokyo,alpha,150,2020-06-28 19:42:24,single
35,/r/mechmarket/comments/hhkxsu/usmi_h_gmk_sets_rama_salmon_keycap_w_paypal/,gmk keyboard,"alpha, spacebars",185,2020-06-28 19:42:24,other
36,/r/mechmarket/comments/hhkxsu/usmi_h_gmk_sets_rama_salmon_keycap_w_paypal/,gmk bento,base,315,2020-06-28 19:42:24,base
37,/r/mechmarket/comments/hhkxsu/usmi_h_gmk_sets_rama_salmon_keycap_w_paypal/,gmk vaporwave,base,275,2020-06-28 19:42:24,base
38,/r/mechmarket/comments/hhkxsu/usmi_h_gmk_sets_rama_salmon_keycap_w_paypal/,gmk vaporwave,novelties,90,2020-06-28 19:42:24,single
39,/r/mechmarket/comments/hhkxsu/usmi_h_gmk_sets_rama_salmon_keycap_w_paypal/,gmk yuri,base,220,2020-06-28 19:42:24,base
40,/r/mechmarket/comments/hhkxsu/usmi_h_gmk_sets_rama_salmon_keycap_w_paypal/,gmk yuri,novelties,50,2020-06-28 19:42:24,single
41,/r/mechmarket/comments/hhkxsu/usmi_h_gmk_sets_rama_salmon_keycap_w_paypal/,gmk yuri,mods,90,2020-06-28 19:42:24,single
42,/r/mechmarket/comments/hhkxsu/usmi_h_gmk_sets_rama_salmon_keycap_w_paypal/,gmk yuri,spacebars,40,2020-06-28 19:42:24,single
43,/r/mechmarket/comments/hhkxsu/usmi_h_gmk_sets_rama_salmon_keycap_w_paypal/,gmk vaporwave,base,130,2020-06-28 19:42:24,base
44,/r/mechmarket/comments/hhifll/usca_h_black_xeno_with_pvd_rose_gold_half_plate/,gmk keycaps,base,200,2020-06-28 17:27:41,base
45,/r/mechmarket/comments/hhi5vm/usmdh_kbd75v2_epbt_dolch_abs_gmk_laser_base_60/,gmk laser,base,275,2020-06-28 17:13:14,base
46,/r/mechmarket/comments/hhfjrn/usnjh_gmk_oblivion_r2_bundle_gmk_space_cadet_blue/,gmk oblivion,base,220,2020-06-28 14:44:06,base
47,/r/mechmarket/comments/hhfjrn/usnjh_gmk_oblivion_r2_bundle_gmk_space_cadet_blue/,gmk oblivion,alpha,100,2020-06-28 14:44:06,single
48,/r/mechmarket/comments/hhfjrn/usnjh_gmk_oblivion_r2_bundle_gmk_space_cadet_blue/,gmk space,alpha,90,2020-06-28 14:44:06,single
49,/r/mechmarket/comments/hhf9fh/eugr_h_gmk_calm_depths_base_kit_sealed_orochi_and/,gmk calm,base,190,2020-06-28 14:26:53,base
50,/r/mechmarket/comments/hh5ugd/uspa_h_gmk_vaporwave_gmk_red_samurai_tkl_kit_w/,gmk vaporwave,"base, spacebars, rama",275,2020-06-28 01:30:13,bundle
51,/r/mechmarket/comments/hh5ugd/uspa_h_gmk_vaporwave_gmk_red_samurai_tkl_kit_w/,gmk red,base,100,2020-06-28 01:30:13,base
52,/r/mechmarket/comments/hh4uvy/uscah_gmk_sandstorm_base_spacebars_w_paypal/,gmk sandstorm,"base, spacebars",275,2020-06-28 00:21:36,bundle
53,/r/mechmarket/comments/hgx01r/usva_h_realforce_rgb_tkl_gmk_accent_keys_hkp/,gmk accent,accent,15,2020-06-27 16:54:12,single
54,/r/mechmarket/comments/hgvter/usva_h_rama_heavy_industry_seq_3_w_paypal_trades/,gmk oblivion,"base, rama",215,2020-06-27 15:46:48,bundle
55,/r/mechmarket/comments/hgtxp9/sgh_keyboards_lz_gh_v2_norbatouch_keycaps_sa/,gmk dots,base,350,2020-06-27 13:56:39,base
56,/r/mechmarket/comments/hgtxp9/sgh_keyboards_lz_gh_v2_norbatouch_keycaps_sa/,gmk blue,base,200,2020-06-27 13:56:39,base
57,/r/mechmarket/comments/hgtxp9/sgh_keyboards_lz_gh_v2_norbatouch_keycaps_sa/,gmk carbon,"base, novelties",250,2020-06-27 13:56:39,bundle
58,/r/mechmarket/comments/hgtxp9/sgh_keyboards_lz_gh_v2_norbatouch_keycaps_sa/,gmk hyperfuse,base,210,2020-06-27 13:56:39,base
59,/r/mechmarket/comments/hgtxp9/sgh_keyboards_lz_gh_v2_norbatouch_keycaps_sa/,gmk deep,base,210,2020-06-27 13:56:39,base
60,/r/mechmarket/comments/hgnuy3/usca_h_gmk_9009_r3_w_paypal/,gmk 9009,base,250,2020-06-27 05:29:39,base
61,/r/mechmarket/comments/hgne2k/uswa_h_gmk_9009_r3_bundle_xda_oblique_bundle_gmk/,gmk korean,base,70,2020-06-27 04:50:19,base
62,/r/mechmarket/comments/hgne2k/uswa_h_gmk_9009_r3_bundle_xda_oblique_bundle_gmk/,gmk missing,base,70,2020-06-27 04:50:19,base
63,/r/mechmarket/comments/hgmndy/usin_h_black_poly_think65_hotswap_pc_singa_v3/,gmk mitolet,base,240,2020-06-27 03:56:38,base
64,/r/mechmarket/comments/hgmk81/usut_h_artisanskeyboardskeycapsmiscellaneous/,gmk r1,base,130,2020-06-27 03:50:28,base
65,/r/mechmarket/comments/hgmk81/usut_h_artisanskeyboardskeycapsmiscellaneous/,gmk r1,base,130,2020-06-27 03:50:28,base
66,/r/mechmarket/comments/hgmk81/usut_h_artisanskeyboardskeycapsmiscellaneous/,gmk vaporwave,base,150,2020-06-27 03:50:28,base
67,/r/mechmarket/comments/hgk3sk/uscah_gmk_merlin_wizardry_wob_hiragana9009olive/,gmk merlin,novelties,65,2020-06-27 01:04:25,single
68,/r/mechmarket/comments/hgk3sk/uscah_gmk_merlin_wizardry_wob_hiragana9009olive/,gmk wob,40s,45,2020-06-27 01:04:25,single
69,/r/mechmarket/comments/hgk3sk/uscah_gmk_merlin_wizardry_wob_hiragana9009olive/,gmk olive,40s,45,2020-06-27 01:04:25,single
70,/r/mechmarket/comments/hgk3sk/uscah_gmk_merlin_wizardry_wob_hiragana9009olive/,gmk 9009,40s,55,2020-06-27 01:04:25,single
71,/r/mechmarket/comments/hgjfyz/ussc_h_e7v1_gmk_serika_artisans_w_paypal/,gmk serika,base,440,2020-06-27 00:21:46,base
72,/r/mechmarket/comments/hgeh95/uspahgateron_black_ink_x_70_handwire_65_alu_gmk/,gmk carbon,base,30,2020-06-26 19:42:07,base
73,/r/mechmarket/comments/hgbwvn/usme_h_gmk_first_love_base_novelties_durock_stabs/,gmk first,"base, novelties",260,2020-06-26 17:26:53,bundle
74,/r/mechmarket/comments/hg7xid/usva_h_gmk_8008_9009_r3_numbers_ynth_30_w_paypal/,gmk 8008,base,290,2020-06-26 13:49:58,base
75,/r/mechmarket/comments/hg7h7s/euuk_h_gmk_8008_base_accent_kit_modern_kit/,gmk 8008,base,300,2020-06-26 13:22:26,base
76,/r/mechmarket/comments/hg7h7s/euuk_h_gmk_8008_base_accent_kit_modern_kit/,gmk 8008,accent,80,2020-06-26 13:22:26,single
77,/r/mechmarket/comments/hg1db9/ustx_h_leopold_fc980m_x99_kailh_sage_epbt_slate/,gmk plate,base,95,2020-06-26 04:57:49,base
78,/r/mechmarket/comments/hg1db9/ustx_h_leopold_fc980m_x99_kailh_sage_epbt_slate/,gmk wob,base,125,2020-06-26 04:57:49,base
79,/r/mechmarket/comments/hfvuf3/usca_h_gmk_9009_r3_base_kit_w_paypal/,gmk 9009,base,250,2020-06-25 22:40:36,base
80,/r/mechmarket/comments/hfuod8/uspa_h_gmk_merlin_gateron_ink_black_v2_deskeys/,gmk merlin,"base, alpha, spacebars",210,2020-06-25 21:33:56,bundle
81,/r/mechmarket/comments/hft4jl/uscah_artisans_etf_etf_bro_gmk_skiidata_terminal/,gmk skiidata,base,195,2020-06-25 20:07:02,base
82,/r/mechmarket/comments/hfs037/usnyhgmk_modern_dolch_base_and_spacebars_crp/,gmk modern,"base, spacebars",350,2020-06-25 19:05:24,bundle
83,/r/mechmarket/comments/hfroyy/usnjh_noxary_280_silver_gmk_oblivion_v1_hagoromo/,gmk oblivion,base,210,2020-06-25 18:48:06,base
84,/r/mechmarket/comments/hfqcnk/usut_h_rose_gold_savage65_black_silver_kbdfans/,gmk metropolis,base,400,2020-06-25 17:34:29,base
85,/r/mechmarket/comments/hfownp/uscoh_gmk_9009_text_mat_w_paypal/,gmk 9009,base,280,2020-06-25 16:15:32,base
86,/r/mechmarket/comments/hfft55/ustxh_holy_panda_dz65_gmk_metro_gmk_nautilus/,gmk metro,base,300,2020-06-25 04:10:37,base
87,/r/mechmarket/comments/hfft55/ustxh_holy_panda_dz65_gmk_metro_gmk_nautilus/,gmk nautilus,"base, novelties, spacebars",750,2020-06-25 04:10:37,bundle
88,/r/mechmarket/comments/hff472/uswa_h_lubrigante_gmk_oblivion_h1s_vints_gat/,gmk oblivion,"base, alpha",250,2020-06-25 03:20:10,bundle
89,/r/mechmarket/comments/hfe5l3/usil_h_red_samurai_65_acrylic_tofu_with_holy/,gmk plate,base,125,2020-06-25 02:14:16,base
90,/r/mechmarket/comments/hfdzk9/uscah_gmk_laser_kobe_blocknet_mitowaves_spacebars/,gmk laser,"base, spacebars",200,2020-06-25 02:03:24,bundle
91,/r/mechmarket/comments/hfcz50/usca_h_gmk_9009_r3_base_w_paypal/,gmk 9009,base,230,2020-06-25 00:57:25,base
92,/r/mechmarket/comments/hfbxgz/caqc_h_black_wkl_kbd8x_built_w_h1_gateron_black/,gmk plate,novelties,15,2020-06-24 23:32:21,single
93,/r/mechmarket/comments/hfai5n/usnchgmk_9009_r3_h1_switcheswpaypal/,gmk 9009,base,300,2020-06-24 22:02:56,base
94,/r/mechmarket/comments/hf8wlp/usny_h_gmk_striker_base_wrama_crimson_cap_gmk/,gmk striker,"base, rama",425,2020-06-24 20:34:52,bundle
95,/r/mechmarket/comments/hf8wlp/usny_h_gmk_striker_base_wrama_crimson_cap_gmk/,gmk oblivion,base,300,2020-06-24 20:34:52,base
96,/r/mechmarket/comments/hf6ifl/usny_h_gmk_sandstorm_gmk_dots_gmk_wasabi_gmk/,gmk sandstorm,base,190,2020-06-24 18:32:37,base
97,/r/mechmarket/comments/hf6ifl/usny_h_gmk_sandstorm_gmk_dots_gmk_wasabi_gmk/,gmk dots,base,300,2020-06-24 18:32:37,base
98,/r/mechmarket/comments/hf6ifl/usny_h_gmk_sandstorm_gmk_dots_gmk_wasabi_gmk/,gmk wasabi,base,190,2020-06-24 18:32:37,base
99,/r/mechmarket/comments/hf6ifl/usny_h_gmk_sandstorm_gmk_dots_gmk_wasabi_gmk/,gmk first,base,190,2020-06-24 18:32:37,base
100,/r/mechmarket/comments/hf6ifl/usny_h_gmk_sandstorm_gmk_dots_gmk_wasabi_gmk/,gmk mizu,40s,60,2020-06-24 18:32:37,single
101,/r/mechmarket/comments/hf6ifl/usny_h_gmk_sandstorm_gmk_dots_gmk_wasabi_gmk/,gmk modern,spacebars,60,2020-06-24 18:32:37,single
102,/r/mechmarket/comments/heu8xm/usiahgmk_first_love_gmk_chocolatier_aviator/,gmk first,base,260,2020-06-24 04:28:33,base
103,/r/mechmarket/comments/heu8xm/usiahgmk_first_love_gmk_chocolatier_aviator/,gmk chocolatier,"base, novelties",300,2020-06-24 04:28:33,bundle
104,/r/mechmarket/comments/hesz1d/cn_h_kfe_keycult_no160_satisfaction75_e65_key65/,gmk night,base,220,2020-06-24 03:00:13,base
105,/r/mechmarket/comments/herldx/usfl_h_gateron_black_inks_v2_sa_pulse_gmk_olive/,gmk olive,spacebars,55,2020-06-24 01:29:51,single
106,/r/mechmarket/comments/heqr5s/usca_h_tactiles_holy_pandas_holy_gsus_yokberries/,gmk wob,base,145,2020-06-24 00:35:47,base
107,/r/mechmarket/comments/hepskb/usne_h_built_kbdfans_5_degree_gmk_eclipse_70_mx/,gmk eclipse,accent,175,2020-06-23 23:36:10,single
108,/r/mechmarket/comments/heom3i/caon_h_gmk_oblivion_v1_base_spacekeys_gmk/,gmk oblivion,"base, spacebars",220,2020-06-23 22:30:28,bundle
109,/r/mechmarket/comments/heom3i/caon_h_gmk_oblivion_v1_base_spacekeys_gmk/,gmk hyperfuse,base,200,2020-06-23 22:30:28,base
110,/r/mechmarket/comments/hek3z6/usnjh_gmk_wob_gmk_nines_kam_starry_night_w_paypal/,gmk wob,base,120,2020-06-23 18:31:06,base
111,/r/mechmarket/comments/hek3z6/usnjh_gmk_wob_gmk_nines_kam_starry_night_w_paypal/,gmk nines,base,180,2020-06-23 18:31:06,base
112,/r/mechmarket/comments/hejypp/ustx_h_gmk_olive_base_40s_and_built_duck_raven_w/,gmk olive,base,250,2020-06-23 18:23:39,base
113,/r/mechmarket/comments/hejypp/ustx_h_gmk_olive_base_40s_and_built_duck_raven_w/,gmk olive,40s,50,2020-06-23 18:23:39,single
114,/r/mechmarket/comments/hej7pv/usnd_h_gmk_9009_r3_standard_norde_w_paypal/,gmk 9009,base,220,2020-06-23 17:44:22,base
115,/r/mechmarket/comments/hej7pv/usnd_h_gmk_9009_r3_standard_norde_w_paypal/,gmk 9009,base,50,2020-06-23 17:44:22,base
116,/r/mechmarket/comments/heeidt/usohh_gmk_deep_space_xda_canvas_kits_artisans_w/,gmk deep,base,200,2020-06-23 13:22:10,base
117,/r/mechmarket/comments/he67f3/usnyhrama_m60a_hotswap_and_internal_dampener_gmk/,gmk 8008,"base, spacebars",400,2020-06-23 02:28:55,bundle
118,/r/mechmarket/comments/he5pc6/usca_h_new_gmk_8008_dsa_hana_w_paypal/,gmk 8008,base,300,2020-06-23 01:56:34,base
119,/r/mechmarket/comments/he466a/usut_h_jtk_tripleshot_cyrillic_jtk_pink_on_white/,gmk minimal,base,180,2020-06-23 00:19:54,base
120,/r/mechmarket/comments/hdxdei/usny_h_silver_wkl_tofu_jupiter75_wkl_tofu_with/,gmk violet,"base, alpha, spacebars",250,2020-06-22 18:05:42,bundle
121,/r/mechmarket/comments/hduhs8/usar_h_gmk_peaches_and_cream_w_paypal/,gmk peaches,base,260,2020-06-22 15:32:42,base
122,/r/mechmarket/comments/hdufge/uswih_gmk_whiteblue_set_2016_keychron_k2_gateron/,gmk white,base,210,2020-06-22 15:29:07,base
123,/r/mechmarket/comments/hdlhej/usca_h_gmk_dots_dots_deskmat_gmk_vaporwave/,gmk dots,base,350,2020-06-22 04:47:12,base
124,/r/mechmarket/comments/hdlhej/usca_h_gmk_dots_dots_deskmat_gmk_vaporwave/,gmk dots,"base, novelties, deskmat",60,2020-06-22 04:47:12,bundle
125,/r/mechmarket/comments/hdlhej/usca_h_gmk_dots_dots_deskmat_gmk_vaporwave/,gmk vaporwave,alpha,120,2020-06-22 04:47:12,single
126,/r/mechmarket/comments/hdlhej/usca_h_gmk_dots_dots_deskmat_gmk_vaporwave/,gmk vaporwave,40s,100,2020-06-22 04:47:12,single
127,/r/mechmarket/comments/hdl6bw/usga_h_unbuilt_black_kbd8x_with_extra_pom_plate/,gmk 8008,deskmat,350,2020-06-22 04:24:02,single
128,/r/mechmarket/comments/hdhqi4/usky_h_gmk_8008kono_keyboards_8008_pikachu_w/,gmk 8008,base,300,2020-06-22 00:22:39,base
129,/r/mechmarket/comments/hdgg43/usokh_new_built_boards_keycaps_and_artisans_w/,gmk hiragana,base,750,2020-06-21 22:58:47,base
130,/r/mechmarket/comments/hdgg43/usokh_new_built_boards_keycaps_and_artisans_w/,gmk bento,"base, novelties, spacebars, rama",750,2020-06-21 22:58:47,bundle
131,/r/mechmarket/comments/hdgg43/usokh_new_built_boards_keycaps_and_artisans_w/,gmk 8008,"base, novelties",330,2020-06-21 22:58:47,bundle
132,/r/mechmarket/comments/hdg7un/usma_h_gmk_first_love_base_space_bars_novelties/,gmk first,"base, novelties, spacebars",400,2020-06-21 22:44:20,bundle
133,/r/mechmarket/comments/hdg7un/usma_h_gmk_first_love_base_space_bars_novelties/,gmk metropolis,base,320,2020-06-21 22:44:20,base
134,/r/mechmarket/comments/hdg791/usnc_h_gmk_nightrunner_bundle_gmk_merlin_base/,gmk night,"base, novelties, spacebars",320,2020-06-21 22:43:22,bundle
135,/r/mechmarket/comments/hdg791/usnc_h_gmk_nightrunner_bundle_gmk_merlin_base/,gmk merlin,"base, novelties",220,2020-06-21 22:43:22,bundle
136,/r/mechmarket/comments/hdcmts/usfl_h_wkl_black_kyuu_w_brass_kbd8x_mkii_platepcb/,gmk 8008,base,280,2020-06-21 19:14:29,base
137,/r/mechmarket/comments/hd04yj/usmn_h_gmk_mizu_novelties_gmk_calm_depths_w_cute/,gmk mizu,"base, novelties",370,2020-06-21 03:45:41,bundle
138,/r/mechmarket/comments/hd04yj/usmn_h_gmk_mizu_novelties_gmk_calm_depths_w_cute/,gmk calm,base,170,2020-06-21 03:45:41,base
139,/r/mechmarket/comments/hcz2qk/cnhpercent_skoggmk_vaporwavesa_laserw_paypal/,gmk vaporwave,"base, novelties",390,2020-06-21 02:31:52,bundle
140,/r/mechmarket/comments/hcytvn/usca_h_gmk_peaches_n_cream_mt3_godspeed_kits/,gmk peaches,base,280,2020-06-21 02:16:07,base
141,/r/mechmarket/comments/hcwu1c/usoh_h_kbd67_ewhite_mk2_savage_65_gmk_dots_h1/,gmk dots,base,18,2020-06-21 00:08:07,base
142,/r/mechmarket/comments/hcv7kz/uscah_gmk_striker_mt3_godspeed_w_paypal/,gmk striker,base,290,2020-06-20 22:32:25,base
143,/r/mechmarket/comments/hcuzl8/usia_h_gmk_pip_wiha_screwdrivers_gmk_clip_in/,gmk pretty,base,50,2020-06-20 22:19:46,base
144,/r/mechmarket/comments/hctzc5/ch_h_wellknown_keysets_gmk_sa_dsa_eyellow_skog/,gmk dots,base,300,2020-06-20 21:18:29,base
145,/r/mechmarket/comments/hctzc5/ch_h_wellknown_keysets_gmk_sa_dsa_eyellow_skog/,gmk minimal,base,300,2020-06-20 21:18:29,base
146,/r/mechmarket/comments/hctzc5/ch_h_wellknown_keysets_gmk_sa_dsa_eyellow_skog/,gmk red,base,90,2020-06-20 21:18:29,single
147,/r/mechmarket/comments/hctzc5/ch_h_wellknown_keysets_gmk_sa_dsa_eyellow_skog/,gmk red,novelties,70,2020-06-20 21:18:29,single
148,/r/mechmarket/comments/hctzc5/ch_h_wellknown_keysets_gmk_sa_dsa_eyellow_skog/,gmk red,spacebars,40,2020-06-20 21:18:29,single
149,/r/mechmarket/comments/hctzc5/ch_h_wellknown_keysets_gmk_sa_dsa_eyellow_skog/,gmk laser,base,60,2020-06-20 21:18:29,single
150,/r/mechmarket/comments/hctzc5/ch_h_wellknown_keysets_gmk_sa_dsa_eyellow_skog/,gmk laser,spacebars,40,2020-06-20 21:18:29,single
151,/r/mechmarket/comments/hctzc5/ch_h_wellknown_keysets_gmk_sa_dsa_eyellow_skog/,gmk modern,"base, spacebars, mods",300,2020-06-20 21:18:29,bundle
152,/r/mechmarket/comments/hctzc5/ch_h_wellknown_keysets_gmk_sa_dsa_eyellow_skog/,gmk muted,"base, accent",400,2020-06-20 21:18:29,bundle
153,/r/mechmarket/comments/hctzc5/ch_h_wellknown_keysets_gmk_sa_dsa_eyellow_skog/,gmk honeywell,base,200,2020-06-20 21:18:29,base
154,/r/mechmarket/comments/hcrrrs/usfl_h_grey_canoe_red_rs78_red_scarf_ii_ver_b_w/,gmk hydro,base,525,2020-06-20 19:02:42,base
155,/r/mechmarket/comments/hcpgqk/usca_h_switch_couture_acrylic_alice_gmk_dots_base/,gmk dots,base,350,2020-06-20 16:47:40,base
156,/r/mechmarket/comments/hcfvji/usca_h_gmk_jamon_base_fox_die_shishi_w_paypal/,gmk jamon,base,250,2020-06-20 04:41:22,base
157,/r/mechmarket/comments/hccu5c/usfl_h_gmk_8008_base_gmk_dots_base_gmk_peaches/,gmk dots,base,350,2020-06-20 00:58:51,base
158,/r/mechmarket/comments/hccu5c/usfl_h_gmk_8008_base_gmk_dots_base_gmk_peaches/,gmk 8008,base,320,2020-06-20 00:58:51,base
159,/r/mechmarket/comments/hccu5c/usfl_h_gmk_8008_base_gmk_dots_base_gmk_peaches/,gmk peaches,base,300,2020-06-20 00:58:51,base
160,/r/mechmarket/comments/hcad1f/usiah_tgr910_re_key65_dolchcr_rukia_disciplines/,gmk mizu,"base, spacebars, deskmat",450,2020-06-19 22:33:20,bundle
161,/r/mechmarket/comments/hcad1f/usiah_tgr910_re_key65_dolchcr_rukia_disciplines/,gmk 9009,"base, spacebars",270,2020-06-19 22:33:20,bundle
162,/r/mechmarket/comments/hcad1f/usiah_tgr910_re_key65_dolchcr_rukia_disciplines/,gmk minimal,base,300,2020-06-19 22:33:20,base
163,/r/mechmarket/comments/hcad1f/usiah_tgr910_re_key65_dolchcr_rukia_disciplines/,gmk sandstorm,base,275,2020-06-19 22:33:20,base
164,/r/mechmarket/comments/hcad1f/usiah_tgr910_re_key65_dolchcr_rukia_disciplines/,gmk wob,base,150,2020-06-19 22:33:20,base
165,/r/mechmarket/comments/hcad1f/usiah_tgr910_re_key65_dolchcr_rukia_disciplines/,gmk burgundy,mods,60,2020-06-19 22:33:20,single
166,/r/mechmarket/comments/hc6ewo/uspah_gmk_laser_mitowaves_gmk_laser_spacebars_gmk/,gmk laser,base,100,2020-06-19 18:51:24,base
167,/r/mechmarket/comments/hc6ewo/uspah_gmk_laser_mitowaves_gmk_laser_spacebars_gmk/,gmk laser,spacebars,50,2020-06-19 18:51:24,single
168,/r/mechmarket/comments/hc64wy/usca_h_gmk_jamonnov_gmk_wob_ewhite_leaf60_hotswap/,gmk jamon+nov,novelties,350,2020-06-19 18:36:09,single
169,/r/mechmarket/comments/hc3er5/usca_h_gmk_carbon_gmk_nautilus_gmk_solarized_dark/,gmk carbon,base,100,2020-06-19 16:07:37,base
170,/r/mechmarket/comments/hc3er5/usca_h_gmk_carbon_gmk_nautilus_gmk_solarized_dark/,gmk nautilus,"base, novelties",125,2020-06-19 16:07:37,bundle
171,/r/mechmarket/comments/hc3er5/usca_h_gmk_carbon_gmk_nautilus_gmk_solarized_dark/,gmk solarized,base,100,2020-06-19 16:07:37,base
172,/r/mechmarket/comments/hc3er5/usca_h_gmk_carbon_gmk_nautilus_gmk_solarized_dark/,gmk 8008,base,125,2020-06-19 16:07:37,base
173,/r/mechmarket/comments/hbquhq/usca_h_gmk_umbra_deskmat_assorted_tai_hao_ymdk/,gmk umbra,deskmat,25,2020-06-19 00:51:53,single
174,/r/mechmarket/comments/hbqg19/uscahacrylic_stacked_ca66_tkl_with_h88_gmk/,gmk oblivion,base,210,2020-06-19 00:26:19,base
175,/r/mechmarket/comments/hbp9wp/euuk_h_grey_kbd67_mkii_hotswap_gmk_9009_deskmat/,gmk 9009,deskmat,35,2020-06-18 23:15:14,single
176,/r/mechmarket/comments/hbp57o/uswah_keyboards_switches_gmk_sets_wpaypal/,gmk minimal,spacebars,220,2020-06-18 23:07:23,single
177,/r/mechmarket/comments/hbm2e6/usohh_trinity_corian_hotswap_60_quefrency_split/,gmk vaporwave,base,75,2020-06-18 20:14:46,base
178,/r/mechmarket/comments/hbm2e6/usohh_trinity_corian_hotswap_60_quefrency_split/,gmk vaporwave,base,50,2020-06-18 20:14:46,base
179,/r/mechmarket/comments/hbj2hr/uscahe65_polycarb_bundle_gmk_8008_bundle_80x_gat/,gmk 8008,base,450,2020-06-18 17:27:15,base
180,/r/mechmarket/comments/hbi3nl/kr_h_gmk_dolch_gmk_korean_dolch_gmk_electric/,gmk dolch,base,150,2020-06-18 16:36:52,base
181,/r/mechmarket/comments/hbi3nl/kr_h_gmk_dolch_gmk_korean_dolch_gmk_electric/,gmk korean,base,120,2020-06-18 16:36:52,base
182,/r/mechmarket/comments/hb87um/usvah_bnib_gmk_night_runner_5_scraft_pokemon/,gmk nightrunner,base,425,2020-06-18 05:14:10,base
183,/r/mechmarket/comments/hb599u/usnjh_millmaxed_hotswap_grey_kbd75v2_w_lubed_yok/,gmk oblivion,base,485,2020-06-18 01:50:53,base
184,/r/mechmarket/comments/hb2z61/usca_h_silver_wkl_duck_orion_v3_84_vintage_blacks/,gmk violet,base,200,2020-06-17 23:38:09,base
185,/r/mechmarket/comments/hazdiv/usmi_h_sa_bliss_gmk_oblivion_v2_duck_tcv3_rama/,gmk oblivion,base,225,2020-06-17 20:25:15,base
186,/r/mechmarket/comments/hatfz0/auh_dark_blue_cypher_gmk_8008_gmk_jamon_holy/,gmk 8008,base,285,2020-06-17 15:32:16,base
187,/r/mechmarket/comments/hatfz0/auh_dark_blue_cypher_gmk_8008_gmk_jamon_holy/,gmk jamon,base,225,2020-06-17 15:32:16,base
188,/r/mechmarket/comments/hasmwe/eusi_h_leopold_fc660m_pd_gmk_wob_icon_mods_gmk/,gmk wob,mods,66,2020-06-17 14:51:27,single
189,/r/mechmarket/comments/haryel/usin_h_gmk_chocolatier_nautilus_oblivion_sa/,gmk chocolatier,base,325,2020-06-17 14:15:50,base
190,/r/mechmarket/comments/haryel/usin_h_gmk_chocolatier_nautilus_oblivion_sa/,gmk oblivion,base,325,2020-06-17 14:15:50,base
191,/r/mechmarket/comments/haryel/usin_h_gmk_chocolatier_nautilus_oblivion_sa/,gmk oblivion,base,65,2020-06-17 14:15:50,base
192,/r/mechmarket/comments/haryel/usin_h_gmk_chocolatier_nautilus_oblivion_sa/,gmk nautilus,base,350,2020-06-17 14:15:50,bundle
193,/r/mechmarket/comments/haryel/usin_h_gmk_chocolatier_nautilus_oblivion_sa/,gmk nautilus,"base, novelties, spacebars",65,2020-06-17 14:15:50,bundle
194,/r/mechmarket/comments/hao3gd/eube_h_j80_jera06_gmk_camping_r1_invyr_uhmwpe/,gmk camping,"base, spacebars",264,2020-06-17 09:43:13,bundle
195,/r/mechmarket/comments/hai4zu/usin_h_2x_pc_think65_hotswap_gmk_8008_nines_olive/,gmk 8008,base,290,2020-06-17 02:22:32,base
196,/r/mechmarket/comments/hai4zu/usin_h_2x_pc_think65_hotswap_gmk_8008_nines_olive/,gmk olive,base,240,2020-06-17 02:22:32,base
197,/r/mechmarket/comments/hagchb/usny_h_gmk_wasabi_drop_gmk_red_samurai_bioi/,gmk wasabi,base,220,2020-06-17 00:26:17,base
198,/r/mechmarket/comments/hagchb/usny_h_gmk_wasabi_drop_gmk_red_samurai_bioi/,gmk red,base,25,2020-06-17 00:26:17,base
199,/r/mechmarket/comments/hagan6/usny_h_gmk_violet_on_cream_voc_pbt_sideprint/,gmk voc,base,180,2020-06-17 00:23:09,base
200,/r/mechmarket/comments/haclut/usnyh_idobao_id80_monstargear_alu_xo_v2_matrix/,gmk 8008,"accent, spacebars",265,2020-06-16 20:58:57,other
201,/r/mechmarket/comments/habo2s/usvah_brand_new_unbuilt_pc_canoe_wbluetooth_pcb/,gmk wob,base,160,2020-06-16 20:09:28,base
202,/r/mechmarket/comments/haaozl/usfl_h_gothic70_zealios_build_gmk_night_runner/,gmk night,base,260,2020-06-16 19:20:17,base
203,/r/mechmarket/comments/haaozl/usfl_h_gothic70_zealios_build_gmk_night_runner/,gmk vaporwave,"accent, spacebars",85,2020-06-16 19:20:17,other
204,/r/mechmarket/comments/ha9zjq/usin_h_ctrl_pulse_black_high_profile_keyboard_gmk/,gmk monkey,base,150,2020-06-16 18:44:58,base
205,/r/mechmarket/comments/ha9zjq/usin_h_ctrl_pulse_black_high_profile_keyboard_gmk/,gmk eclipse,"base, novelties, numpad",200,2020-06-16 18:44:58,bundle
206,/r/mechmarket/comments/ha5nf0/ustx_h_gmk_oblivion_monochrome_v2_artisans_jak_kf/,gmk oblivion,base,180,2020-06-16 15:01:14,base
207,/r/mechmarket/comments/h9vhyc/uscah_gmk_merlin_oblivion_monochrome_hagoromo/,gmk merlin,"base, novelties",190,2020-06-16 03:19:53,bundle
208,/r/mechmarket/comments/h9vhyc/uscah_gmk_merlin_oblivion_monochrome_hagoromo/,gmk olive,40s,50,2020-06-16 03:19:53,single
209,/r/mechmarket/comments/h9tu0q/uscah_pc_kbd67_mkii_kit_creams_inks_oblivion_v2/,gmk oblivion,base,230,2020-06-16 01:40:40,base
210,/r/mechmarket/comments/h9skup/usfl_h_tofu_v2_hhkb_lubriganteproject_kb_pcb_gmk/,gmk wob,extension,55,2020-06-16 00:28:02,single
211,/r/mechmarket/comments/h9qtbk/usca_h_coiled_aviator_cable_100_vintage_browns/,gmk 8008,base,440,2020-06-15 22:50:49,base
212,/r/mechmarket/comments/h9pyqa/euukhgmk_peaches_and_cream_base_rama_leaf_wpaypal/,gmk peaches,base,301,2020-06-15 22:05:16,base
213,/r/mechmarket/comments/h9n6tp/usme_h_kbd67_mkii_black_hotswap_gmk_8008_base_nk/,gmk 8008,base,290,2020-06-15 19:35:50,base
214,/r/mechmarket/comments/h9llbc/usut_h_savage65_wholtites_everglide_amber_oranges/,gmk metropolis,base,400,2020-06-15 18:12:54,base
215,/r/mechmarket/comments/h9llbc/usut_h_savage65_wholtites_everglide_amber_oranges/,gmk plate,base,490,2020-06-15 18:12:54,base
216,/r/mechmarket/comments/h92cru/uscah_gmk_night_runner_base_novelties_spacebars_w/,gmk night,"base, novelties, spacebars",395,2020-06-14 21:40:06,bundle
217,/r/mechmarket/comments/h92cru/uscah_gmk_night_runner_base_novelties_spacebars_w/,gmk night,"base, novelties, spacebars",420,2020-06-14 21:40:06,bundle
218,/r/mechmarket/comments/h90dsb/uswah_gmk_mizu_base_sa_violet_on_cream_w_paypal/,gmk mizu,base,300,2020-06-14 19:48:47,base
219,/r/mechmarket/comments/h8sndw/eugr_h_gmk_calm_depths_gmk_mizu_novelties/,gmk calm,base,190,2020-06-14 12:05:39,base
220,/r/mechmarket/comments/h8sndw/eugr_h_gmk_calm_depths_gmk_mizu_novelties/,gmk mizu,novelties,90,2020-06-14 12:05:39,single
221,/r/mechmarket/comments/h8sndw/eugr_h_gmk_calm_depths_gmk_mizu_novelties/,gmk mizu,deskmat,60,2020-06-14 12:05:39,single
222,/r/mechmarket/comments/h8mdrt/usco_h_gmk_8008_base_w_artisans_paypal/,gmk 8008,base,280,2020-06-14 03:29:48,base
223,/r/mechmarket/comments/h8kz67/ustx_h_jellykey_pc_dc60_pink_spacebar_artisan_w/,gmk or,base,200,2020-06-14 02:01:50,base
224,/r/mechmarket/comments/h8k4cc/uscah_s7_elephant_novelkeys_cream_switches_gmk/,gmk laser,base,350,2020-06-14 01:09:47,base
225,/r/mechmarket/comments/h8hh5m/usca_h_gmk_vaporwave_base_jp_sublegends_and/,gmk vaporwave,"base, spacebars",450,2020-06-13 22:32:57,bundle
226,/r/mechmarket/comments/h8g1kb/usfl_h_gmk_skidolcha_niu_mini_60_hotswap_w_paypal/,gmk skidolcha,base,125,2020-06-13 21:16:15,base
227,/r/mechmarket/comments/h8fkbq/usca_h_gmk_mizu_base_mizu_water_deskmat_switch/,gmk mizu,base,310,2020-06-13 20:51:12,base
228,/r/mechmarket/comments/h8fkbq/usca_h_gmk_mizu_base_mizu_water_deskmat_switch/,gmk mizu,deskmat,25,2020-06-13 20:51:12,single
229,/r/mechmarket/comments/h8che5/ustxh_caps_monochrome_vilebloom_mateo_gmk_more/,gmk violet,base,160,2020-06-13 18:09:24,base
230,/r/mechmarket/comments/h8che5/ustxh_caps_monochrome_vilebloom_mateo_gmk_more/,gmk monochrome,base,160,2020-06-13 18:09:24,base
231,/r/mechmarket/comments/h8at5q/usca_h_gmk_serika_core_geometries_40s_xda/,gmk serika,"base, 40s",420,2020-06-13 16:37:42,single
232,/r/mechmarket/comments/h8at5q/usca_h_gmk_serika_core_geometries_40s_xda/,gmk serika,alpha,420,2020-06-13 16:37:42,single
233,/r/mechmarket/comments/h89fp9/usnc_h_new_unbuilt_ewhite_hotswap_kdb67_mkii_gmk/,gmk 8008,base,280,2020-06-13 15:19:26,base
234,/r/mechmarket/comments/h7f0w0/uscah_gmk_pulse_tada68_gat_browns_red_alu_case/,gmk pulse,base,200,2020-06-12 05:50:00,base
235,/r/mechmarket/comments/h7c133/ustx_h_laser_gmk_set_new_ktype_keyboards_triumph/,gmk,base,375,2020-06-12 02:14:37,base
236,/r/mechmarket/comments/h7c133/ustx_h_laser_gmk_set_new_ktype_keyboards_triumph/,gmk,base,110,2020-06-12 02:14:37,base
237,/r/mechmarket/comments/h77zl5/usca_h_gmk_solarized_dark_ducky_shine_6_special/,gmk solarized,base,250,2020-06-11 22:21:41,base
238,/r/mechmarket/comments/h18c8q/usal_h_keyboard_gmk_laser_scraft_kanto_starters/,gmk laser,alpha,190,2020-06-11 21:21:24,single
239,/r/mechmarket/comments/h10wsj/euuk_h_gmk_laser_dsa_modern_hylian_jelly_key/,gmk laser,"base, spacebars",3,2020-06-11 14:59:48,bundle
240,/r/mechmarket/comments/h0zxty/sg_h_salamander_black_wk_gmk_peaches_and_cream/,gmk peaches,base,270,2020-06-11 14:05:59,base
241,/r/mechmarket/comments/h0nfaj/caon_h_gmk_triumph_adler_drop_ver_59x_lubed_and/,gmk triumph,"base, spacebars",100,2020-06-10 23:45:28,bundle
242,/r/mechmarket/comments/h0l7p8/usohhbauer_built_w_gmk_modo_dark_smoke_acrylic/,gmk modern,base,1850,2020-06-10 21:53:57,base
243,/r/mechmarket/comments/h0l7p8/usohhbauer_built_w_gmk_modo_dark_smoke_acrylic/,gmk laser,base,220,2020-06-10 21:53:57,base
244,/r/mechmarket/comments/h0k4pb/uspahhandwire_65_alu_ut472_sa_voc_gmk_carbon/,gmk wob,base,100,2020-06-10 21:01:06,base
245,/r/mechmarket/comments/h0i8oq/uscah_alpacas_gmk_vice_nights_og_blue_jelly_poms/,gmk peaches,base,130,2020-06-10 19:32:01,base
246,/r/mechmarket/comments/h0f7ax/uswahdrop_alt_low_profile_gmk_red_samurai/,gmk red,base,90,2020-06-10 17:10:59,base
247,/r/mechmarket/comments/h0euw3/usohh_gmk_8008_base_rama_swirl_cap_w_paypal/,gmk 8008,base,290,2020-06-10 16:55:26,base
248,/r/mechmarket/comments/h0djwd/usmnh_gmk_striker_core_paypal_w_key65_or_other/,gmk striker,base,360,2020-06-10 15:46:36,base
249,/r/mechmarket/comments/h0d7w3/usfl_h_gmk_skidolcha_niu_mini_w_paypal_trades/,gmk skidolcha,base,135,2020-06-10 15:30:18,base
250,/r/mechmarket/comments/h06eup/eude_h_gmk_metropolis_base_w_paypal/,gmk metropolis,base,300,2020-06-10 08:02:15,base
251,/r/mechmarket/comments/h02ka0/usil_h_gmk_mizu_base_w_paypal/,gmk mizu,base,350,2020-06-10 03:07:17,base
252,/r/mechmarket/comments/h01ps1/usmdh_pc_key65_pc_kbd67mkii_x_2_savage65_65/,gmk retro,base,475,2020-06-10 02:10:56,base
253,/r/mechmarket/comments/gzyikj/usca_h_sa_bliss_and_calm_depths_gmk_skeletor_no/,gmk skeletor,alpha,110,2020-06-09 23:00:27,single
254,/r/mechmarket/comments/gzyikj/usca_h_sa_bliss_and_calm_depths_gmk_skeletor_no/,gmk miami,base,245,2020-06-09 23:00:27,base
255,/r/mechmarket/comments/gzwndd/uspa_h_gmk_hiragana_x85_mx_zilents_lubed_w_paypal/,gmk hiragana,base,190,2020-06-09 21:27:24,base
256,/r/mechmarket/comments/gzw6n3/usfl_h_gmk_muted_w_3a3c_addon_gmk_wob_hiragana/,gmk muted,base,275,2020-06-09 21:05:03,base
257,/r/mechmarket/comments/gzw6n3/usfl_h_gmk_muted_w_3a3c_addon_gmk_wob_hiragana/,gmk wob,"base, spacebars",145,2020-06-09 21:05:03,bundle
258,/r/mechmarket/comments/gzhs3h/usca_h_satisfaction75_gmk_metropolis_dead_ca66/,gmk stems,base,300,2020-06-09 06:47:50,base
259,/r/mechmarket/comments/gzhs3h/usca_h_satisfaction75_gmk_metropolis_dead_ca66/,gmk and,base,4,2020-06-09 06:47:50,base
260,/r/mechmarket/comments/gzbbgf/usma_h_paypal_4k_rama_m60a_kuro_leaf60_pc_gmk/,gmk 8008,base,80,2020-06-08 23:47:43,base
261,/r/mechmarket/comments/gzaqxr/usca_h_gmk_minimal_8008_peaches_n_cream_x69/,gmk minimal,base,260,2020-06-08 23:16:12,base
262,/r/mechmarket/comments/gzaqxr/usca_h_gmk_minimal_8008_peaches_n_cream_x69/,gmk 8008,base,290,2020-06-08 23:16:12,base
263,/r/mechmarket/comments/gzaqxr/usca_h_gmk_minimal_8008_peaches_n_cream_x69/,gmk peaches,base,250,2020-06-08 23:16:12,base
264,/r/mechmarket/comments/gz9wzi/usca_h_gmk_pretty_in_pink_tokkipee_gamer_sets/,gmk pretty,base,55,2020-06-08 22:31:58,base
265,/r/mechmarket/comments/gz9qdv/usca_hsamurai_gmk_base_kit_w_paypal/,gmk base,base,250,2020-06-08 22:22:01,base
266,/r/mechmarket/comments/gz407e/usnj_h_space65_r1_red_noxary_2682_platespcbs_rama/,gmk chocolatier,rama,90,2020-06-08 17:43:59,single
267,/r/mechmarket/comments/gz3675/usmn_h_gmk_8008_base_kit_mt3_serika_katakana/,gmk 8008,base,315,2020-06-08 17:00:57,base
268,/r/mechmarket/comments/gywa4q/au_h_gmk_8008_gmk_peaches_n_cream_sa_symbiosis_r2/,gmk 8008,base,356,2020-06-08 09:39:20,base
269,/r/mechmarket/comments/gywa4q/au_h_gmk_8008_gmk_peaches_n_cream_sa_symbiosis_r2/,gmk peaches,base,230,2020-06-08 09:39:20,base
270,/r/mechmarket/comments/gypnfd/usca_h_tokyo60_black_v3_creamgray_coil_cable_w/,gmk cafe,base,45,2020-06-08 01:54:59,base
271,/r/mechmarket/comments/gypff4/usil_h_gmk_dots_ergo_infinity_ergodox_w_paypal/,gmk dots,base,230,2020-06-08 01:40:02,base
272,/r/mechmarket/comments/gynosw/usfl_h_singa_wkl_r1_violet_wbrass_plate_635g/,gmk wob,base,570,2020-06-07 23:49:58,base
273,/r/mechmarket/comments/gynkyh/usnc_h_bamboo_hotswappable_redox_wired_w_tenttilt/,gmk dots,base,225,2020-06-07 23:44:13,base
274,/r/mechmarket/comments/gymlit/uswa_h_sealed_gmk_dots_base_w_paypal/,gmk dots,base,340,2020-06-07 22:51:10,base
275,/r/mechmarket/comments/gyjull/usny_h_black_monstargear_alu_xo_v2_silver_kbdfans/,gmk oblivion,base,180,2020-06-07 20:30:47,base
276,/r/mechmarket/comments/gyjl6p/usmdh_pc_key65_2x_pc_kbd67mkii_savage65_sa_dolch/,gmk retro,base,475,2020-06-07 20:17:45,base
277,/r/mechmarket/comments/gyjl6p/usmdh_pc_key65_2x_pc_kbd67mkii_savage65_sa_dolch/,gmk 65,base,95,2020-06-07 20:17:45,base
278,/r/mechmarket/comments/gyhpm0/uscah_gmk_vaporwave_gmk_dots_switches_rama_m60a/,gmk vaporwave,base,275,2020-06-07 18:37:12,base
279,/r/mechmarket/comments/gyhpm0/uscah_gmk_vaporwave_gmk_dots_switches_rama_m60a/,gmk dots,base,300,2020-06-07 18:37:12,base
280,/r/mechmarket/comments/gygzr6/uspah_tgr_x_signa_unikorn_duck_viper_v2_gmk/,gmk soware,base,115,2020-06-07 17:57:24,base
281,/r/mechmarket/comments/gygzr6/uspah_tgr_x_signa_unikorn_duck_viper_v2_gmk/,gmk 8008,base,50,2020-06-07 17:57:24,base
282,/r/mechmarket/comments/gygc8l/usnmh_69x_lubed_and_filmed_creams_durock/,gmk boba,base,200,2020-06-07 17:20:35,base
283,/r/mechmarket/comments/gydv5q/uscah_artisans_suk_kf_etf_ak_bro_gmk_wavez/,gmk wavez,base,300,2020-06-07 14:56:22,base
284,/r/mechmarket/comments/gychld/usfl_h_gmk_jamon_epbt_x_gok_bow_niu_mini_w_paypal/,gmk jamon,base,290,2020-06-07 13:34:44,base
285,/r/mechmarket/comments/gy46ud/uswi_h_gmk_boba_fett_w_gmk_dots_base_paypal/,gmk dots,base,190,2020-06-07 02:23:50,base
286,/r/mechmarket/comments/gy2x4q/usca_h_gmk_dots_oblivion_git_kbd67_case_coiled/,gmk dots,base,320,2020-06-07 01:02:46,base
287,/r/mechmarket/comments/gy2x4q/usca_h_gmk_dots_oblivion_git_kbd67_case_coiled/,gmk oblivion,base,240,2020-06-07 01:02:46,base
288,/r/mechmarket/comments/gy2vjt/usnj_h_lyn_montage_light_blue_wkl_tmov2_blue_grey/,gmk peaches,base,270,2020-06-07 01:00:11,base
289,/r/mechmarket/comments/gy06cj/usmdh_jelly_key_cosmos_zen_pond_ii_cities_of/,gmk bento,base,1800,2020-06-06 22:15:34,base
290,/r/mechmarket/comments/gxzkir/uspa_h_gmk_dots_vint_blacks_vint_browns_vint/,gmk dots,base,280,2020-06-06 21:38:01,base
291,/r/mechmarket/comments/gxzkir/uspa_h_gmk_dots_vint_blacks_vint_browns_vint/,gmk oblivion,base,45,2020-06-06 21:38:01,base
292,/r/mechmarket/comments/gxyy0m/usca_h_sanctuary_bred_gmk_necro_white_on_black/,gmk ceresia,base,80,2020-06-06 20:59:33,base
293,/r/mechmarket/comments/gxyy0m/usca_h_sanctuary_bred_gmk_necro_white_on_black/,gmk wht,extension,70,2020-06-06 20:59:33,single
294,/r/mechmarket/comments/gxyy0m/usca_h_sanctuary_bred_gmk_necro_white_on_black/,gmk missing,base,55,2020-06-06 20:59:33,base
295,/r/mechmarket/comments/gxyy0m/usca_h_sanctuary_bred_gmk_necro_white_on_black/,gmk metropolis,novelties,65,2020-06-06 20:59:33,single
296,/r/mechmarket/comments/gxyy0m/usca_h_sanctuary_bred_gmk_necro_white_on_black/,gmk solarized,mods,50,2020-06-06 20:59:33,single
297,/r/mechmarket/comments/gxyy0m/usca_h_sanctuary_bred_gmk_necro_white_on_black/,gmk necro,base,225,2020-06-06 20:59:33,base
298,/r/mechmarket/comments/gxyy0m/usca_h_sanctuary_bred_gmk_necro_white_on_black/,gmk wht,base,80,2020-06-06 20:59:33,base
299,/r/mechmarket/comments/gxyy0m/usca_h_sanctuary_bred_gmk_necro_white_on_black/,gmk alpha,alpha,75,2020-06-06 20:59:33,single
300,/r/mechmarket/comments/gxyy0m/usca_h_sanctuary_bred_gmk_necro_white_on_black/,gmk wob,"base, 40s",145,2020-06-06 20:59:33,bundle
301,/r/mechmarket/comments/gxyn7b/uscah_tangerine_v2_h1_gmk_laser_cyberdeck_and/,gmk minimal,base,275,2020-06-06 20:41:06,base
302,/r/mechmarket/comments/gxyn7b/uscah_tangerine_v2_h1_gmk_laser_cyberdeck_and/,gmk 8008,base,325,2020-06-06 20:41:06,base
303,/r/mechmarket/comments/gxyn7b/uscah_tangerine_v2_h1_gmk_laser_cyberdeck_and/,gmk metropolis,base,250,2020-06-06 20:41:06,base
304,/r/mechmarket/comments/gxyin2/usfl_h_bnib_gmk_night_runner/,gmk night,novelties,75,2020-06-06 20:33:30,single
305,/r/mechmarket/comments/gxyin2/usfl_h_bnib_gmk_night_runner/,gmk night,spacebars,45,2020-06-06 20:33:30,single
306,/r/mechmarket/comments/gxwksy/usca_h_gmk_oblivion_v2_dz60rgb_arrow_hotswap/,gmk oblivion,base,220,2020-06-06 18:45:42,base
307,/r/mechmarket/comments/gxohyx/myhmatrix_noah_pink_new_gmk_8008_w_paypal/,gmk 8008,base,275,2020-06-06 10:22:37,base
308,/r/mechmarket/comments/gxfpik/usnc_h_planck_ez_glow_wgateron_browns_lubed_and/,gmk red,base,60,2020-06-05 23:33:24,base
309,/r/mechmarket/comments/gx9n7f/usnj_h_gmk_8008_base_accent_gmk_metropolis_base/,gmk metropolis,base,400,2020-06-05 18:05:38,base
310,/r/mechmarket/comments/gx8w2y/eueshalps_skcm_blue_damped_cream_nexus/,gmk caps,base,84,2020-06-05 17:25:49,base
311,/r/mechmarket/comments/gx6tn4/usnjh_gmk_wob_wteal_accents_crazy_vintage_numpad/,gmk wob,accent,100,2020-06-05 15:35:37,single
312,/r/mechmarket/comments/gx4csr/sg_h_equinox_tmov2_noxary_t60_crp_tulip_sa_laser/,gmk oblivion,base,230,2020-06-05 13:14:58,base
313,/r/mechmarket/comments/gx0zkr/auh_sa_troubled_minds_r2_gmk_minimal_gmk_wavez/,gmk minimal,base,250,2020-06-05 08:57:17,base
314,/r/mechmarket/comments/gx0zkr/auh_sa_troubled_minds_r2_gmk_minimal_gmk_wavez/,gmk,numpad,65,2020-06-05 08:57:17,single
315,/r/mechmarket/comments/gx0zkr/auh_sa_troubled_minds_r2_gmk_minimal_gmk_wavez/,gmk waves,base,250,2020-06-05 08:57:17,base
316,/r/mechmarket/comments/gx0zkr/auh_sa_troubled_minds_r2_gmk_minimal_gmk_wavez/,gmk waves,numpad,65,2020-06-05 08:57:17,single
317,/r/mechmarket/comments/gwuvb7/usil_h_gmk_dots_ergo_w_paypal_dsa_magic_girl_dsa/,gmk dots,base,230,2020-06-05 01:24:23,base
318,/r/mechmarket/comments/gwsdc8/ustx_h_key65_pc_aek64_gmk_8008_acrylic_alice/,gmk 8008,base,300,2020-06-04 22:58:20,base
319,/r/mechmarket/comments/gwocpg/usca_h_think_65_hotswap_gmk_skidolcha_jtk_yolch_w/,gmk skidolcha,base,100,2020-06-04 19:30:49,base
320,/r/mechmarket/comments/gwnovx/ustx_h_8008_base_accent_usb_c_coiled_aviator_w/,gmk 8008,"base, accent",350,2020-06-04 18:57:38,bundle
321,/r/mechmarket/comments/gwli64/ustx_h_gmk_wob_creams_retooled_blacks_snorlax/,gmk wob,base,110,2020-06-04 17:06:33,base
322,/r/mechmarket/comments/gwkxs8/ustx_h_sa_bliss_sa_arcane_sa_leviathan_gmk/,gmk vaporwave,"base, spacebars",300,2020-06-04 16:37:24,bundle
323,/r/mechmarket/comments/gwkxs8/ustx_h_sa_bliss_sa_arcane_sa_leviathan_gmk/,gmk metropolis,base,350,2020-06-04 16:37:24,base
324,/r/mechmarket/comments/gwgcww/usca_h_gmk_carbon_r1_umka_modifiers_w_paypal/,gmk carbon,base,280,2020-06-04 12:18:33,base
325,/r/mechmarket/comments/gwda86/euuk_h_gmk_peaches_n_cream_vortex_tab_75_domikey/,gmk peaches,base,240,2020-06-04 08:19:52,base
326,/r/mechmarket/comments/gw6iho/usco_h_gmk_peaches_n_cream_gothic70_pok3r_rgb/,gmk peaches,base,230,2020-06-04 00:33:56,base
327,/r/mechmarket/comments/gw62b2/uscahgmk_8008_base_kitwpaypal/,gmk 8008,base,290,2020-06-04 00:06:33,base
328,/r/mechmarket/comments/gvzoia/usma_h_gmk_8008_tyl_4mm_brass_plate_gateron_black/,gmk 8008,base,300,2020-06-03 18:36:59,base
329,/r/mechmarket/comments/gvzoia/usma_h_gmk_8008_tyl_4mm_brass_plate_gateron_black/,gmk 8008,base,80,2020-06-03 18:36:59,base
330,/r/mechmarket/comments/gvyke4/euuk_h_gmk_metropolis_base_kit_vortex_race_3_rgb/,gmk metropolis,base,294,2020-06-03 17:43:39,base
331,/r/mechmarket/comments/gvy0uq/usnyh_gmk_bento_w_paypal/,gmk bento,base,350,2020-06-03 17:15:15,base
332,/r/mechmarket/comments/gvu1yf/usvah_gmk_olive_base_w_paypal/,gmk olive,base,225,2020-06-03 13:35:55,base
333,/r/mechmarket/comments/gvqm8u/usca_h_gmk_8008_sealed_discipline_65_built_holy/,gmk 8008,base,285,2020-06-03 09:16:50,base
334,/r/mechmarket/comments/gvkzv7/uspah_duck_octagon_v3_gmk_red_samurai_65_gmk_boba/,gmk red,base,100,2020-06-03 02:07:14,base
335,/r/mechmarket/comments/gvkzv7/uspah_duck_octagon_v3_gmk_red_samurai_65_gmk_boba/,gmk boba,base,210,2020-06-03 02:07:14,base
336,/r/mechmarket/comments/gvkf2u/uscah_bred_soulstone_baaaphomet_olive_40s_bento/,gmk bento,alpha,80,2020-06-03 01:28:21,single
337,/r/mechmarket/comments/gvjxh5/usca_h_gmk_8008_mt3_serika_modifiers_katakana/,gmk 8008,base,300,2020-06-03 00:57:02,base
338,/r/mechmarket/comments/gvhxne/usnyh_keycaps_and_switches_galore_devtty_rama_sa/,gmk white,base,90,2020-06-02 22:56:46,base
339,/r/mechmarket/comments/gvh61n/uscoh_rx78_mr_hat_tmov2_gmk_oblivion_olive_pc_sa/,gmk olive,"base, spacebars",260,2020-06-02 22:14:52,bundle
340,/r/mechmarket/comments/gvh61n/uscoh_rx78_mr_hat_tmov2_gmk_oblivion_olive_pc_sa/,gmk oblivion,base,220,2020-06-02 22:14:52,base
341,/r/mechmarket/comments/gvh61n/uscoh_rx78_mr_hat_tmov2_gmk_oblivion_olive_pc_sa/,gmk peaches,base,220,2020-06-02 22:14:52,base
342,/r/mechmarket/comments/gvh5ar/usmn_h_gmk_8008_base_gmk_eclipse_base_golden/,gmk 8008,base,325,2020-06-02 22:13:41,base
343,/r/mechmarket/comments/gvh5ar/usmn_h_gmk_8008_base_gmk_eclipse_base_golden/,gmk eclipse,base,175,2020-06-02 22:13:41,base
344,/r/mechmarket/comments/gv3znp/ustx_h_tmov2_gmk_minimal_paypal_w_trades/,gmk minimal,base,280,2020-06-02 09:15:32,base
345,/r/mechmarket/comments/gv2xhv/eunl_h_gmk_carbon_w_paypal/,gmk carbon,base,144,2020-06-02 07:41:07,base
346,/r/mechmarket/comments/guzqpz/usfl_h_vaporwave_base_rama_cap_coiled_cable_m60a/,gmk vaporwave,base,225,2020-06-02 03:37:39,base
347,/r/mechmarket/comments/guzqpz/usfl_h_vaporwave_base_rama_cap_coiled_cable_m60a/,gmk vaporwave,rama,100,2020-06-02 03:37:39,single
348,/r/mechmarket/comments/guy4mf/usca_h_sealed_gmk_8008_base_rama_swirl_sa_laser/,gmk 8008,"base, rama",360,2020-06-02 01:52:50,bundle
349,/r/mechmarket/comments/guwxh2/usca_h_gmk_hiragana_gmk_hangul_bow_addons_w/,gmk hiragana,base,190,2020-06-02 00:40:02,base
350,/r/mechmarket/comments/guwxh2/usca_h_gmk_hiragana_gmk_hangul_bow_addons_w/,gmk hangul,base,80,2020-06-02 00:40:02,base
351,/r/mechmarket/comments/gus5eq/usny_h_gmk_8008_sanctuary_rebirth_w_paypal/,gmk 8008,base,290,2020-06-01 20:20:06,base
352,/r/mechmarket/comments/guqzgh/ustx_h_kbd67mkii_pc_hotswap_gmk_8008_base_accent/,gmk 8008,"base, accent",360,2020-06-01 19:19:50,bundle
353,/r/mechmarket/comments/guqzgh/ustx_h_kbd67mkii_pc_hotswap_gmk_8008_base_accent/,gmk 8008,deskmat,55,2020-06-01 19:19:50,single
354,/r/mechmarket/comments/guq2oc/usma_h_gmk_8008_gmk_olive_sa_carbon_r2_ewhite/,gmk 8008,base,360,2020-06-01 18:33:44,base
355,/r/mechmarket/comments/guq2oc/usma_h_gmk_8008_gmk_olive_sa_carbon_r2_ewhite/,gmk olive,base,220,2020-06-01 18:33:44,base
356,/r/mechmarket/comments/gungyd/eude_h_2x_gmk_night_runner_52x_gateron_greens/,gmk night,base,252,2020-06-01 16:16:33,base
357,/r/mechmarket/comments/gum0fr/eudehlightsaverorange75gmk_campingsa/,gmk camping,"base, spacebars",240,2020-06-01 14:53:02,bundle
358,/r/mechmarket/comments/gulwfo/twhgmk_strikergmk_dotswpaypal/,gmk striker,"base, spacebars",400,2020-06-01 14:46:27,bundle
359,/r/mechmarket/comments/gulag5/usnj_h_gmk_8008_base_kit_sealed_w_paypal/,gmk 8008,base,285,2020-06-01 14:09:26,base
360,/r/mechmarket/comments/gujzfc/euuk_h_gmk_9009_r3_base_kit_w_paypal/,gmk 9009,base,210,2020-06-01 12:43:58,base
361,/r/mechmarket/comments/gugkde/eude_h_gmk_nines_5x_cÂ³_stab_kits_w_paypal/,gmk nines,base,216,2020-06-01 08:08:43,base
