,link,product,sets,price,date
0,/r/mechmarket/comments/i1lcv1/usky_h_gmk_sets_sa_bliss_and_keyboards_w_paypal/,gmk nightrunner,base,250,2020-08-01 03:21:57
1,/r/mechmarket/comments/i1lcv1/usky_h_gmk_sets_sa_bliss_and_keyboards_w_paypal/,gmk nightrunner,novelties,110,2020-08-01 03:21:57
2,/r/mechmarket/comments/i1lcv1/usky_h_gmk_sets_sa_bliss_and_keyboards_w_paypal/,gmk nightrunner,40s,75,2020-08-01 03:21:57
3,/r/mechmarket/comments/i1lcv1/usky_h_gmk_sets_sa_bliss_and_keyboards_w_paypal/,gmk peaches,base,300,2020-08-01 03:21:57
4,/r/mechmarket/comments/i1lcv1/usky_h_gmk_sets_sa_bliss_and_keyboards_w_paypal/,gmk peaches,spacebars,60,2020-08-01 03:21:57
5,/r/mechmarket/comments/i1lcv1/usky_h_gmk_sets_sa_bliss_and_keyboards_w_paypal/,gmk peaches,40s,75,2020-08-01 03:21:57
6,/r/mechmarket/comments/i1lcv1/usky_h_gmk_sets_sa_bliss_and_keyboards_w_paypal/,gmk mizu,base,450,2020-08-01 03:21:57
7,/r/mechmarket/comments/i1l9qs/usca_h_gmk_olive_base_spacebars_polaris_red_holy/,gmk olive,"base, spacebars",300,2020-08-01 03:15:31
8,/r/mechmarket/comments/i1jhs7/usoh_h_gmk_pretty_in_pink_lubed_gateron_blacks_w/,gmk pretty,base,49,2020-08-01 01:07:44
9,/r/mechmarket/comments/i1dvwe/usca_h_gmk_oblivion_git_base_kit_wfixed_hello/,gmk oblivion,"base, alpha, mods",250,2020-07-31 19:30:12
10,/r/mechmarket/comments/i1dr8h/usma_h_gmk_8008_base_accents_optionally_rama/,gmk 8080,"base, accent, rama",15,2020-07-31 19:22:52
11,/r/mechmarket/comments/i1dr8h/usma_h_gmk_8008_base_accents_optionally_rama/,gmk 8080,rama,355,2020-07-31 19:22:52
12,/r/mechmarket/comments/i1dr8h/usma_h_gmk_8008_base_accents_optionally_rama/,gmk mitolet,"base, novelties",175,2020-07-31 19:22:52
13,/r/mechmarket/comments/i1dr8h/usma_h_gmk_8008_base_accents_optionally_rama/,gmk cafe,base,250,2020-07-31 19:22:52
14,/r/mechmarket/comments/i1dcs3/uscah_pc_think_65_gmk_minimal_lub_station_sa/,gmk minimal,base,260,2020-07-31 19:00:40
15,/r/mechmarket/comments/i1dcs3/uscah_pc_think_65_gmk_minimal_lub_station_sa/,gmk og,spacebars,55,2020-07-31 19:00:40
16,/r/mechmarket/comments/i1atqf/usny_h_gmk_analog_dream_jp_alphas_gmk_camping_r2/,gmk analog,"base, alpha",350,2020-07-31 16:43:46
17,/r/mechmarket/comments/i1atqf/usny_h_gmk_analog_dream_jp_alphas_gmk_camping_r2/,gmk camping,base,250,2020-07-31 16:43:46
18,/r/mechmarket/comments/i1aoj3/usin_h_sealed_gmk_nines_sealed_gmk_sandstorm_c3/,gmk sandstorm,base,260,2020-07-31 16:35:57
19,/r/mechmarket/comments/i1aoj3/usin_h_sealed_gmk_nines_sealed_gmk_sandstorm_c3/,gmk nines,base,260,2020-07-31 16:35:57
20,/r/mechmarket/comments/i109wl/uswa_h_gmk_hangul_wob_gmk_hiraganamicons_epbt_wob/,gmk hiragana,base,280,2020-07-31 03:23:24
21,/r/mechmarket/comments/i0z30d/ustx_h_pc_norbauer_heavy_6_gmk_ka_1953_w_paypal/,gmk ka1953,base,160,2020-07-31 02:02:47
22,/r/mechmarket/comments/i0yf1r/uscah_gmk_nautilus_r1_sa_yuri_625u7u_hf_bronins/,gmk nautilus,"base, novelties, spacebars",265,2020-07-31 01:18:38
23,/r/mechmarket/comments/i0y374/cabc_h_gmk_cafe_base_w_paypal/,gmk cafe,base,300,2020-07-31 00:57:18
24,/r/mechmarket/comments/i0v9d1/usca_h_matrix_12og_gmk_camping_franksteins/,gmk camping,"base, novelties, spacebars",450,2020-07-30 22:03:55
25,/r/mechmarket/comments/i0v6bd/usin_h_gmk_olive_gmk_pulse_bundle_gmk_mitolet_w/,gmk olive,base,225,2020-07-30 21:59:08
26,/r/mechmarket/comments/i0tptv/usca_h_key65_gmk_9009_gmk_nines_switches_w_paypal/,gmk nines,base,290,2020-07-30 20:39:27
27,/r/mechmarket/comments/i0soq0/usil_h_gmk_taro_modern_dolchbaseicon_mods_gmk/,gmk taro,base,230,2020-07-30 19:41:29
28,/r/mechmarket/comments/i0soq0/usil_h_gmk_taro_modern_dolchbaseicon_mods_gmk/,gmk modern,base,325,2020-07-30 19:41:29
29,/r/mechmarket/comments/i0soq0/usil_h_gmk_taro_modern_dolchbaseicon_mods_gmk/,gmk 9009,base,220,2020-07-30 19:41:29
30,/r/mechmarket/comments/i0r71f/usca_h_gmk_minimal_gmk_oblivion_hagoromo_cadet/,gmk minimal,base,260,2020-07-30 18:21:22
31,/r/mechmarket/comments/i0r71f/usca_h_gmk_minimal_gmk_oblivion_hagoromo_cadet/,gmk oblivion,"base, alpha",100,2020-07-30 18:21:22
32,/r/mechmarket/comments/i0qduc/usca_h_gmk_9009_r3_base_w_paypal/,gmk 9009,base,190,2020-07-30 17:37:39
33,/r/mechmarket/comments/i0p7sl/usca_h_sealed_gmk_9009_r3_base_gmk_camping_r2/,gmk 9009,base,210,2020-07-30 16:34:16
34,/r/mechmarket/comments/i0p7sl/usca_h_sealed_gmk_9009_r3_base_gmk_camping_r2/,gmk camping,novelties,85,2020-07-30 16:34:16
35,/r/mechmarket/comments/i0kag5/eues_h_varmilo_va87m_ducky_mini_iso_es_dsa/,gmk nautilus,spacebars,240,2020-07-30 11:19:10
36,/r/mechmarket/comments/i0hl33/euuk_h_custom_coiled_detachable_cables_w_paypal/,gmk cafe.,base,42,2020-07-30 07:11:09
37,/r/mechmarket/comments/i0eu3a/caonh_gmk_laser_blocknet_90x_tangerines_w_paypal/,gmk laser,base,45,2020-07-30 03:28:11
38,/r/mechmarket/comments/i0c37w/ustnh_gmk_wavez_base_w_paypal/,gmk wavez,base,220,2020-07-30 00:23:13
39,/r/mechmarket/comments/i0c0ze/uspah_gmk_jamon_base_numpad_spacebars_novelties/,gmk 8008,deskmat,100,2020-07-30 00:19:08
40,/r/mechmarket/comments/i09vp0/uscah_gmk_8008_base_rama_swirl_accents_deskpad_w/,gmk 8008,"base, accent, rama",430,2020-07-29 22:09:34
41,/r/mechmarket/comments/i09vp0/uscah_gmk_8008_base_rama_swirl_accents_deskpad_w/,gmk 8008,base,300,2020-07-29 22:09:34
42,/r/mechmarket/comments/i09vp0/uscah_gmk_8008_base_rama_swirl_accents_deskpad_w/,gmk 8008,"base, accent",60,2020-07-29 22:09:34
43,/r/mechmarket/comments/i09vp0/uscah_gmk_8008_base_rama_swirl_accents_deskpad_w/,gmk 8008,rama,15,2020-07-29 22:09:34
44,/r/mechmarket/comments/i09vp0/uscah_gmk_8008_base_rama_swirl_accents_deskpad_w/,gmk 8008,base,60,2020-07-29 22:09:34
45,/r/mechmarket/comments/i06smb/usmah_gmk_mitolet_base_kit_light_use_70x_gateron/,gmk mitolet,"base, novelties",185,2020-07-29 19:21:12
46,/r/mechmarket/comments/i06smb/usmah_gmk_mitolet_base_kit_light_use_70x_gateron/,gmk mitolet,"base, accent, rama",185,2020-07-29 19:21:12
47,/r/mechmarket/comments/i056ww/usny_h_gmk_vaporwave_kits_tokyo60_v3_samurai_blue/,gmk vaporwave,"base, alpha, spacebars, 40s",220,2020-07-29 17:55:01
48,/r/mechmarket/comments/i056ww/usny_h_gmk_vaporwave_kits_tokyo60_v3_samurai_blue/,gmk camping,rama,90,2020-07-29 17:55:01
49,/r/mechmarket/comments/i01jpd/usma_h_sealed_gmk_9009_anne_pro_2_epbt_dolch/,gmk 9009,base,215,2020-07-29 14:22:56
50,/r/mechmarket/comments/hzumps/sg_h_gmk_camping_r2_base_epbt_x_gok_bow_w_paypal/,gmk camping,"base, spacebars",310,2020-07-29 05:04:34
51,/r/mechmarket/comments/hzumps/sg_h_gmk_camping_r2_base_epbt_x_gok_bow_w_paypal/,gmk camping,"base, spacebars",60,2020-07-29 05:04:34
52,/r/mechmarket/comments/hzton4/ustx_h_tokyo60_holy_panda_more_w_paypal/,gmk mito,novelties,350,2020-07-29 03:56:03
53,/r/mechmarket/comments/hzrptq/caon_h_nk65_aluminum_preonic_rev_3_anne_pro_x2/,gmk red,base,75,2020-07-29 01:43:49
54,/r/mechmarket/comments/hzrdvd/usca_h_keyswitches_keycaps_keyboards_w_paypal/,gmk one,spacebars,250,2020-07-29 01:22:30
55,/r/mechmarket/comments/hzowxj/usny_h_input_club_ktype_ducky_one_white_tkl_mizu/,gmk mito,base,170,2020-07-28 22:49:15
56,/r/mechmarket/comments/hznbo3/usnjhgmk_oblivion_v2_epbt_x_gok_bow_wpaypal/,gmk oblivion,base,240,2020-07-28 21:19:49
57,/r/mechmarket/comments/hzn9pg/usca_h_gmk_metropolis_blocks_kit_c3_equalz_olivia/,gmk metropolis,spacebars,70,2020-07-28 21:16:55
58,/r/mechmarket/comments/hzm1s8/usca_h_gmk_olive_franksteins_switches_w_eva_one/,gmk olive,"base, spacebars",330,2020-07-28 20:13:29
59,/r/mechmarket/comments/hzli16/usny_h_gmk_9009_r3_base_aesthetic_deskmat_w_paypal/,gmk 9009,base,205,2020-07-28 19:45:03
60,/r/mechmarket/comments/hzli16/usny_h_gmk_9009_r3_base_aesthetic_deskmat_w_paypal/,gmk 9009,base,70,2020-07-28 19:45:03
61,/r/mechmarket/comments/hzli16/usny_h_gmk_9009_r3_base_aesthetic_deskmat_w_paypal/,gmk 9009,"base, deskmat",50,2020-07-28 19:45:03
62,/r/mechmarket/comments/hzklhi/usca_h_cyan_bauer_custom_smkeyboards_nautilus/,gmk nautilus,"base, novelties, spacebars",850,2020-07-28 18:57:37
63,/r/mechmarket/comments/hzioo3/usma_h_matte_black_switch_couture_alice_built/,gmk wob.,base,20,2020-07-28 17:17:14
64,/r/mechmarket/comments/hzioo3/usma_h_matte_black_switch_couture_alice_built/,gmk set,base,400,2020-07-28 17:17:14
65,/r/mechmarket/comments/hzfi7d/ustxhcoiled_cable_preonic_rev3_kbd75_build_gmk/,gmk dolch,base,160,2020-07-28 14:21:25
66,/r/mechmarket/comments/hz59lg/usny_h_mizu_novelties_artisans_w_paypal/,gmk mizu,novelties,125,2020-07-28 01:21:09
67,/r/mechmarket/comments/hz4e5g/usnyh_2x_satisfaction_75_cloud_white_and_deep/,gmk metropolis,base,60,2020-07-28 00:26:05
68,/r/mechmarket/comments/hz4e5g/usnyh_2x_satisfaction_75_cloud_white_and_deep/,gmk wasabi,base,260,2020-07-28 00:26:05
69,/r/mechmarket/comments/hz3wcv/usva_h_gmk_camping_r2_base_set_rama_green_swirl/,gmk camping,base,220,2020-07-27 23:55:59
70,/r/mechmarket/comments/hz0fqs/usca_h_dsa_drifter_bundle_alpha_keycaps_bmk/,gmk wob,extension,100,2020-07-27 20:42:26
71,/r/mechmarket/comments/hz0fqs/usca_h_dsa_drifter_bundle_alpha_keycaps_bmk/,gmk hiragana,base,60,2020-07-27 20:42:26
72,/r/mechmarket/comments/hyzpbm/usnyh_lubedfilmed_retooled_blacks_gmk_pretty_in/,gmk pretty,base,50,2020-07-27 20:03:40
73,/r/mechmarket/comments/hyyv87/usmah_gmk_mitolet_base_kit_aka_a_purple_pulse_w/,gmk mitolet,base,190,2020-07-27 19:20:26
74,/r/mechmarket/comments/hyyv87/usmah_gmk_mitolet_base_kit_aka_a_purple_pulse_w/,gmk sets,"base, novelties",105,2020-07-27 19:20:26
75,/r/mechmarket/comments/hywpce/usnc_h_gmk_9009_r3_usbc_coiled_cables_w_gmk_wob/,gmk 9009,base,210,2020-07-27 17:29:58
76,/r/mechmarket/comments/hyw0wr/usnyhgmk_laser_cyberdeck_r1_mint_sa_laser/,gmk laser,base,140,2020-07-27 16:54:57
77,/r/mechmarket/comments/hyuw3i/uscah_gmk_epbt_simple_ja_w_paypal/,gmk oblivion,base,260,2020-07-27 15:55:55
78,/r/mechmarket/comments/hyuw3i/uscah_gmk_epbt_simple_ja_w_paypal/,gmk 9009,base,240,2020-07-27 15:55:55
79,/r/mechmarket/comments/hyuw3i/uscah_gmk_epbt_simple_ja_w_paypal/,gmk sky,base,200,2020-07-27 15:55:55
80,/r/mechmarket/comments/hyuw3i/uscah_gmk_epbt_simple_ja_w_paypal/,gmk peaches,"base, spacebars",320,2020-07-27 15:55:55
81,/r/mechmarket/comments/hyumqy/usmd_h_gmk_9009_r3_gmk_red_samurai_ortho_bamboo/,gmk 9009,base,200,2020-07-27 15:42:33
82,/r/mechmarket/comments/hyumqy/usmd_h_gmk_9009_r3_gmk_red_samurai_ortho_bamboo/,gmk red,base,90,2020-07-27 15:42:33
83,/r/mechmarket/comments/hyt9tk/auh_covid_clearout_duck_viper_v2_octagon_v2/,gmk 80s,base,350,2020-07-27 14:28:47
84,/r/mechmarket/comments/hyt9tk/auh_covid_clearout_duck_viper_v2_octagon_v2/,gmk black,base,50,2020-07-27 14:28:47
85,/r/mechmarket/comments/hyt9tk/auh_covid_clearout_duck_viper_v2_octagon_v2/,gmk penumbra,base,150,2020-07-27 14:28:47
86,/r/mechmarket/comments/hys7sg/usva_h_gmk_nines_gmk_eclipsesets_gmk_8008sets/,gmk nines,base,260,2020-07-27 13:25:56
87,/r/mechmarket/comments/hys7sg/usva_h_gmk_nines_gmk_eclipsesets_gmk_8008sets/,gmk eclipse,"base, spacebars, numpad",235,2020-07-27 13:25:56
88,/r/mechmarket/comments/hys7sg/usva_h_gmk_nines_gmk_eclipsesets_gmk_8008sets/,gmk 8008,"base, accent, deskmat, rama",270,2020-07-27 13:25:56
89,/r/mechmarket/comments/hyjsy8/uskyh_gmmk_compact_lubedfilmed_creams_clipped_c3/,gmk first,base,25,2020-07-27 02:21:47
90,/r/mechmarket/comments/hyi819/usca_h_gmk_oblivion_v2_git_base_kitfixed_keys_sa/,gmk oblivion,base,180,2020-07-27 00:35:53
91,/r/mechmarket/comments/hygmbe/caab_h_gmk_space_cadet_gmk_9009_r3_gmk_oblivion/,gmk 9009,base,200,2020-07-26 22:52:59
92,/r/mechmarket/comments/hygmbe/caab_h_gmk_space_cadet_gmk_9009_r3_gmk_oblivion/,gmk oblivion,"base, mods",300,2020-07-26 22:52:59
93,/r/mechmarket/comments/hyg54p/uswi_h_sa_keysets_hyperfuse_laser_nightcaps/,gmk action.,spacebars,250,2020-07-26 22:23:39
94,/r/mechmarket/comments/hydteq/caon_h_sa_laser_xda_canvas_taihao_sin_city_ctrl/,gmk dmg,base,140,2020-07-26 20:10:56
95,/r/mechmarket/comments/hybmsq/usga_h_gmk_dots_gmk_8008_base_deskpad_rama/,gmk dots,base,350,2020-07-26 18:11:02
96,/r/mechmarket/comments/hybmsq/usga_h_gmk_dots_gmk_8008_base_deskpad_rama/,gmk 8008,base,310,2020-07-26 18:11:02
97,/r/mechmarket/comments/hy7heg/euuk_h_gmk_laser_gaijin_sa_oblivion_bundle_xda/,gmk laser,base,70,2020-07-26 14:05:51
98,/r/mechmarket/comments/hxz1og/usca_h_norbatouch_r314_venice_gmk_laser_keylabs/,gmk laser,novelties,1000,2020-07-26 02:28:29
99,/r/mechmarket/comments/hxyp2j/nz_h_gmk_nautilus_base_kitspacebar_set_sa_grand/,gmk nautilus,"base, spacebars",120,2020-07-26 02:03:11
100,/r/mechmarket/comments/hxyp2j/nz_h_gmk_nautilus_base_kitspacebar_set_sa_grand/,gmk nautilus,base,150,2020-07-26 02:03:11
101,/r/mechmarket/comments/hxynl6/uscah_artisans_bro_kf_gsk_alpha_gmk_hiragana_wob/,gmk hiragana,base,200,2020-07-26 02:00:09
102,/r/mechmarket/comments/hxygj4/usmd_h_gmk_skiidata_pbt_sanctuary_pbt_bred_w/,gmk skiidata,"base, 40s",240,2020-07-26 01:45:40
103,/r/mechmarket/comments/hxxzpx/usnyhmilkshake_colorful_deskmat_wrist_rest_rama/,gmk camping,rama,85,2020-07-26 01:11:53
104,/r/mechmarket/comments/hxvwuf/usnyh_gmk_9009_r3_lubed_gateron_yellows_w_paypal/,gmk 9009,base,190,2020-07-25 22:50:19
105,/r/mechmarket/comments/hxr30n/usny_h_gmk_keycapsswitches_w_paypal/,gmk valentine,base,100,2020-07-25 18:00:11
106,/r/mechmarket/comments/hxm31q/ch_h_acrylic_keyboard_build_gmk_sky_modo_hot_keys/,gmk sky,base,25,2020-07-25 12:41:01
107,/r/mechmarket/comments/hxa73f/usco_h_hotswap_gk64_primecaps_artisan_w_paypal/,gmk row,base,25,2020-07-24 21:11:51
108,/r/mechmarket/comments/hxa0nv/usca_h_unused_gmk_sets_w_paypal/,gmk metropolis,base,200,2020-07-24 21:01:32
109,/r/mechmarket/comments/hxa0nv/usca_h_unused_gmk_sets_w_paypal/,gmk metropolis,base,250,2020-07-24 21:01:32
110,/r/mechmarket/comments/hx86ve/usiahkotai_planck_zeta_mitosis_niu_mini_woodkeys/,gmk laser,base,150,2020-07-24 19:22:15
111,/r/mechmarket/comments/hx86ve/usiahkotai_planck_zeta_mitosis_niu_mini_woodkeys/,gmk laser,"base, novelties",70,2020-07-24 19:22:15
112,/r/mechmarket/comments/hx7gbb/usnjh_various_gmk_spacebar_kits_camping_dmg/,gmk camping,spacebars,60,2020-07-24 18:43:37
113,/r/mechmarket/comments/hx7gbb/usnjh_various_gmk_spacebar_kits_camping_dmg/,gmk dmg,spacebars,50,2020-07-24 18:43:37
114,/r/mechmarket/comments/hx7gbb/usnjh_various_gmk_spacebar_kits_camping_dmg/,gmk metropolis,spacebars,60,2020-07-24 18:43:37
115,/r/mechmarket/comments/hx7gbb/usnjh_various_gmk_spacebar_kits_camping_dmg/,gmk phantom,spacebars,50,2020-07-24 18:43:37
116,/r/mechmarket/comments/hx7gbb/usnjh_various_gmk_spacebar_kits_camping_dmg/,gmk night,spacebars,50,2020-07-24 18:43:37
117,/r/mechmarket/comments/hx7gbb/usnjh_various_gmk_spacebar_kits_camping_dmg/,gmk bento,spacebars,60,2020-07-24 18:43:37
118,/r/mechmarket/comments/hx6mhr/usca_h_discipline_v2_white_gmk_cyan_w_paypal/,gmk cyan,base,165,2020-07-24 18:00:16
119,/r/mechmarket/comments/hx63fn/usmo_h_gmk_peaches_n_cream_base_pnc_gmk_9009_base/,gmk 9009,base,215,2020-07-24 17:32:27
120,/r/mechmarket/comments/hwzwax/usap_h_gmk_jamon_pata_negra_numpad_gmk_laser_65/,gmk laser,base,100,2020-07-24 11:13:10
121,/r/mechmarket/comments/hwu8t9/usmdh_pc_kbd67_mkii_tofu_60_gmk_led_zep_gmk_laser/,gmk skiidata,base,280,2020-07-24 03:19:32
122,/r/mechmarket/comments/hwtfzf/uscah_gmk_hyperfuse_origins_purple_accents_gmk/,gmk hyperfuse,"base, accent",200,2020-07-24 02:25:36
123,/r/mechmarket/comments/hwru85/usca_h_gmk_9009_rama_artisans_w_paypal/,gmk x,rama,70,2020-07-24 00:41:44
124,/r/mechmarket/comments/hwpm5t/usca_h_gmk_camping_r2_gmk_yuri_w_paypal/,gmk camping,"base, novelties, rama",250,2020-07-23 22:30:08
125,/r/mechmarket/comments/hwpm5t/usca_h_gmk_camping_r2_gmk_yuri_w_paypal/,gmk yuri,"base, alpha, mods",120,2020-07-23 22:30:08
126,/r/mechmarket/comments/hwohy4/uswa_h_gmk_red_samurai_1800_set_110_drop_holy/,gmk red,base,110,2020-07-23 21:29:02
127,/r/mechmarket/comments/hwoeu4/usnjh_gmk_nines_r2_milkshake_rama_8008_rama_kat/,gmk nines,base,270,2020-07-23 21:23:57
128,/r/mechmarket/comments/hwn26c/caon_h_gmk_striker_zeal_sakurios_x67_tofu_60_case/,gmk striker,base,175,2020-07-23 20:09:30
129,/r/mechmarket/comments/hwmc8c/usca_h_silver_s7_elephant_unbuilt_alpaca_switches/,gmk pretty,base,50,2020-07-23 19:32:39
130,/r/mechmarket/comments/hwl4td/ru_h_rama_vaporwave_rama_dots_white_gmk_serika/,gmk serika,base,55,2020-07-23 18:31:08
131,/r/mechmarket/comments/hwhvv5/usnyh_custom_cables_and_gmk_vice_nights_w_paypal/,gmk vice,base,115,2020-07-23 15:42:28
132,/r/mechmarket/comments/hwhiwg/usct_h_round_3_gmk_9009_base_and_a_custom_cable_w/,gmk 9009,base,210,2020-07-23 15:22:29
133,/r/mechmarket/comments/hwh642/ustx_h_leaf60_pc_wkl_hotswap_2_plates_gmk_minimal/,gmk minimal,base,5,2020-07-23 15:02:04
134,/r/mechmarket/comments/hwgdul/usny_h_kbdfans_acrylic_5_degree_hotswap_build_w/,gmk clip,"base, spacebars",20,2020-07-23 14:15:02
135,/r/mechmarket/comments/hwdnk1/ch_h_hot_keys_project_artisans_gmk_darskel_w/,gmk darskel,base,10,2020-07-23 10:58:43
136,/r/mechmarket/comments/hw6c2u/usmd_h_kbd75v2_red_case_brass_plate_mt3_serika/,gmk 9009,"base, spacebars",230,2020-07-23 01:08:27
137,/r/mechmarket/comments/hw5vpd/usma_h_rama_koyu_haze_gmk_sandstorm_69x_nos/,gmk sandstorm,base,265,2020-07-23 00:39:31
138,/r/mechmarket/comments/hw26zf/usca_h_nk65v2_silver_alu_gmk_penumbra_alphas/,gmk penumbra,alpha,50,2020-07-22 21:06:59
139,/r/mechmarket/comments/hw1ysj/uscah_gmk_8008_all_kits_gmk_voyage_gmk_laser_rama/,gmk 8008,base,300,2020-07-22 20:55:00
140,/r/mechmarket/comments/hw1ysj/uscah_gmk_8008_all_kits_gmk_voyage_gmk_laser_rama/,gmk 8008,accent,70,2020-07-22 20:55:00
141,/r/mechmarket/comments/hw1ysj/uscah_gmk_8008_all_kits_gmk_voyage_gmk_laser_rama/,gmk voyage,base,220,2020-07-22 20:55:00
142,/r/mechmarket/comments/hw1ysj/uscah_gmk_8008_all_kits_gmk_voyage_gmk_laser_rama/,gmk laser,"base, novelties",300,2020-07-22 20:55:00
143,/r/mechmarket/comments/hw0bl1/uscah_sealed_gmk_9009_r3_base_w_paypal/,gmk 9009,base,210,2020-07-22 19:29:28
144,/r/mechmarket/comments/hvw29v/usohh_matrix_noah_mx_clears_silent_blacks_and/,gmk olive,base,220,2020-07-22 15:43:47
145,/r/mechmarket/comments/hvw29v/usohh_matrix_noah_mx_clears_silent_blacks_and/,gmk nines,base,220,2020-07-22 15:43:47
146,/r/mechmarket/comments/hvvp0l/usmdh_gmk_metropolis_bundle_gmk_9009_aesthetic_tx/,gmk metropolis,base,15,2020-07-22 15:23:11
147,/r/mechmarket/comments/hvvp0l/usmdh_gmk_metropolis_bundle_gmk_9009_aesthetic_tx/,gmk 9009,base,250,2020-07-22 15:23:11
148,/r/mechmarket/comments/hvv8ie/euuk_h_gmk_8008_base_deskmat_gmk_merlin_nk/,gmk merlin,base,224,2020-07-22 14:57:23
149,/r/mechmarket/comments/hvv8ie/euuk_h_gmk_8008_base_deskmat_gmk_merlin_nk/,gmk 8008,base,364,2020-07-22 14:57:23
150,/r/mechmarket/comments/hvv8ie/euuk_h_gmk_8008_base_deskmat_gmk_merlin_nk/,gmk 8008,deskmat,70,2020-07-22 14:57:23
151,/r/mechmarket/comments/hvsl57/krhgmk_modern_dolch_r1rama_modern_dolch_wpaypal/,gmk modern,"base, rama",350,2020-07-22 12:06:23
152,/r/mechmarket/comments/hvnwnr/uswih_gmk_8008_base_accents_usb_c_to_c_aviator/,gmk 8008,"base, accent",350,2020-07-22 05:26:08
153,/r/mechmarket/comments/hvm1u3/au_h_gmk_dots_w_paypal/,gmk dots,base,350,2020-07-22 03:13:17
154,/r/mechmarket/comments/hvkffr/sgh_savage_65_qxp_gmk_9009_w_space_40s_mt3/,gmk 9009,base,290,2020-07-22 01:28:59
155,/r/mechmarket/comments/hvjjdd/uspa_h_gmk_9009_r3_base_iquinix_lambo_60_case_w/,gmk 9009,base,210,2020-07-22 00:33:06
156,/r/mechmarket/comments/hvheke/usca_h_gmk_camping_r2_gmk_yuri_mt3_serika_rama/,gmk camping,base,250,2020-07-21 22:27:43
157,/r/mechmarket/comments/hvheke/usca_h_gmk_camping_r2_gmk_yuri_mt3_serika_rama/,gmk yuri,"base, alpha, mods",140,2020-07-21 22:27:43
158,/r/mechmarket/comments/hvg9gi/usca_h_gmk_oblivion_v2_regular_base_kit_hagoromo/,gmk oblivion,base,260,2020-07-21 21:26:44
159,/r/mechmarket/comments/hve8wj/canbh_kyuu_512_gmk_metropolis_base_novelties/,gmk metropolis,base,275,2020-07-21 19:41:06
160,/r/mechmarket/comments/hve8wj/canbh_kyuu_512_gmk_metropolis_base_novelties/,gmk metropolis,spacebars,70,2020-07-21 19:41:06
161,/r/mechmarket/comments/hve8wj/canbh_kyuu_512_gmk_metropolis_base_novelties/,gmk metropolis,novelties,100,2020-07-21 19:41:06
162,/r/mechmarket/comments/hve8wj/canbh_kyuu_512_gmk_metropolis_base_novelties/,gmk oblivion,base,260,2020-07-21 19:41:06
163,/r/mechmarket/comments/hvd0pg/usny_h_savage65_gmk_bow_tangerines_artisans_w/,gmk wob,"base, alpha, spacebars",100,2020-07-21 18:36:53
164,/r/mechmarket/comments/hvd0pg/usny_h_savage65_gmk_bow_tangerines_artisans_w/,gmk 9009,base,160,2020-07-21 18:36:53
165,/r/mechmarket/comments/hvbret/usut_h_keycult_165_kira_exs_e65_w_paypaltrade/,gmk metaverse,base,650,2020-07-21 17:32:05
166,/r/mechmarket/comments/hv788q/caqc_h_gmk_deep_space_bro_caps_zap_cables_w_paypal/,gmk deep,"base, novelties",235,2020-07-21 13:21:44
167,/r/mechmarket/comments/hv2yh0/uslah_key65_ewhitegrey_w_extras_64x_62g_zealios/,gmk oblivion,base,220,2020-07-21 07:17:53
168,/r/mechmarket/comments/hv1ryd/ushih_kbd8x_gmk_camping_r2_bundle_w_paypal/,gmk camping,"base, novelties, spacebars, rama",400,2020-07-21 05:38:57
169,/r/mechmarket/comments/hv0xt0/ustx_h_gmk_8008_wmoderns_tofu_60_w_paypal/,gmk 8008,base,350,2020-07-21 04:34:38
170,/r/mechmarket/comments/hv0kag/usca_h_tangerines_gmk_9009_sanctuary_miya_pro_w/,gmk 9009,base,215,2020-07-21 04:06:51
171,/r/mechmarket/comments/huyut8/usnyh_zeal_zephyr_gmk_bento_base_rama_bento/,gmk bento,base,280,2020-07-21 02:08:06
172,/r/mechmarket/comments/huyqel/usca_h_pcbmount_vintage_blacks_blue_alps_gmk/,gmk korean,base,90,2020-07-21 02:00:05
173,/r/mechmarket/comments/huyg9j/usnyhgmk_jamon_jamonelties_gmk_oblivion_git_fix/,gmk jamon,"base, novelties",380,2020-07-21 01:41:12
174,/r/mechmarket/comments/huyg9j/usnyhgmk_jamon_jamonelties_gmk_oblivion_git_fix/,gmk oblivion,base,275,2020-07-21 01:41:12
175,/r/mechmarket/comments/huyg9j/usnyhgmk_jamon_jamonelties_gmk_oblivion_git_fix/,gmk 9009,base,175,2020-07-21 01:41:12
176,/r/mechmarket/comments/huyg9j/usnyhgmk_jamon_jamonelties_gmk_oblivion_git_fix/,gmk boy,"base, accent",30,2020-07-21 01:41:12
177,/r/mechmarket/comments/hux45o/usva_h_unbuilt_silver_lin_montage_brand_new/,gmk 9009,"base, rama",205,2020-07-21 00:14:37
178,/r/mechmarket/comments/hutsvn/ussc_h_gmk_9009_base_cheap_capsswitches_w_paypal/,gmk 9009,base,180,2020-07-20 21:08:00
179,/r/mechmarket/comments/hut3gi/usny_h_gmk_delta_infinikey_bow_sanctuary_rebirth/,gmk delta,base,250,2020-07-20 20:30:43
180,/r/mechmarket/comments/husxsj/usmdh_pc_kbd8x_mkii_pc_kbd67_mkii_tofu_60_klippe/,gmk skiidata,base,280,2020-07-20 20:22:34
181,/r/mechmarket/comments/hur7g4/usma_h_black_polaris_ewhite_tofu_w_hotswap_switch/,gmk vaporwave,base,200,2020-07-20 18:54:49
182,/r/mechmarket/comments/hupjg3/cn_h_gmk_royal_alpha_typewriter_r2_camping_in/,gmk camping,rama,20,2020-07-20 17:30:18
183,/r/mechmarket/comments/hup0ev/uscah_gmk_vice_nights_artisans_w_trades_paypal/,gmk vice,base,180,2020-07-20 17:03:36
184,/r/mechmarket/comments/huc0qs/ustx_h_keyboards_black_ink_creams_gmk_olive_gmk/,gmk olive,base,225,2020-07-20 01:06:07
185,/r/mechmarket/comments/huc0qs/ustx_h_keyboards_black_ink_creams_gmk_olive_gmk/,gmk tokyo,base,150,2020-07-20 01:06:07
186,/r/mechmarket/comments/huacku/usazh_gmk_8008_gmk_9009_space_cable_w_paypal/,gmk 8008,base,260,2020-07-19 23:17:00
187,/r/mechmarket/comments/huaaac/caon_h_gmk_oblivion_v2_cÂ³_tangerine_rev2_x90_sa/,gmk oblivion,"base, alpha",300,2020-07-19 23:12:56
188,/r/mechmarket/comments/hu7qhv/usazh_tokyo60_v3_kit_discipline_65_v1_dz60_rev30/,gmk violet,"novelties, alpha, spacebars",25,2020-07-19 20:42:28
189,/r/mechmarket/comments/hu7qhv/usazh_tokyo60_v3_kit_discipline_65_v1_dz60_rev30/,gmk red,"novelties, alpha, spacebars",140,2020-07-19 20:42:28
190,/r/mechmarket/comments/hu7qhv/usazh_tokyo60_v3_kit_discipline_65_v1_dz60_rev30/,gmk voc,"base, numpad",75,2020-07-19 20:42:28
191,/r/mechmarket/comments/hu6wis/usva_h_artisans_gmk_camping_r2_w_paypal_all_and/,gmk camping,base,300,2020-07-19 19:54:56
192,/r/mechmarket/comments/hu3lyi/usnyh_reaper_classic_sa_pulse_r3_novelties_gmk/,gmk bluegaloo,base,35,2020-07-19 16:49:44
193,/r/mechmarket/comments/htttb3/usga_h_2x_norbaforce_backplates_gmk_hyperfuse/,gmk hyperfuse,base,150,2020-07-19 03:23:18
194,/r/mechmarket/comments/htt810/uscah_sa_abyss_sa_yuri_spacebars_artisans_keyset/,gmk bento,rama,85,2020-07-19 02:39:59
195,/r/mechmarket/comments/htp4ug/usca_h_jellykey_gmk_nautilus_tokkipee_ducky_shine/,gmk nautilus,base,180,2020-07-18 22:04:14
196,/r/mechmarket/comments/htneg5/usca_h_sa_laser_cyberdeck_gmk_waves_w/,gmk wavez,"base, novelties",300,2020-07-18 20:19:13
197,/r/mechmarket/comments/htmqql/usnyh_pc_xo_limited_edition_gmk_oblivion_git_base/,gmk oblivion,base,250,2020-07-18 19:41:26
198,/r/mechmarket/comments/htmqql/usnyh_pc_xo_limited_edition_gmk_oblivion_git_base/,gmk oblivion,alpha,110,2020-07-18 19:41:26
199,/r/mechmarket/comments/htmqql/usnyh_pc_xo_limited_edition_gmk_oblivion_git_base/,gmk oblivion,base,60,2020-07-18 19:41:26
200,/r/mechmarket/comments/htmqql/usnyh_pc_xo_limited_edition_gmk_oblivion_git_base/,gmk oblivion,"base, spacebars",60,2020-07-18 19:41:26
201,/r/mechmarket/comments/htlw6z/usdc_h_big_closet_sale_pc_think_65_bundle_both/,gmk striker,"base, numpad",375,2020-07-18 18:53:29
202,/r/mechmarket/comments/htlw6z/usdc_h_big_closet_sale_pc_think_65_bundle_both/,gmk striker,spacebars,20,2020-07-18 18:53:29
203,/r/mechmarket/comments/htkl7h/usny_h_gmk_9009_r3_gmk_honeywell_co_sanctuary/,gmk 9009,base,220,2020-07-18 17:37:21
204,/r/mechmarket/comments/htkl7h/usny_h_gmk_9009_r3_gmk_honeywell_co_sanctuary/,gmk honeywell,base,180,2020-07-18 17:37:21
205,/r/mechmarket/comments/htk3m1/usca_h_drop_alt_highprofile_laser_gmk_laser_base/,gmk laser,base,250,2020-07-18 17:08:52
206,/r/mechmarket/comments/htas05/usca_h_gmk_camping_r2_switches_w_paypal/,gmk camping,base,270,2020-07-18 04:39:29
207,/r/mechmarket/comments/ht9nav/usfl_h_gmk_voyage_base_kit_100_67g_tangerines_5/,gmk voyage,base,180,2020-07-18 03:13:10
208,/r/mechmarket/comments/ht88rq/caqc_h_gmk_cafe_dark_alphas_w_paypal/,gmk cafe,"base, alpha",375,2020-07-18 01:32:34
209,/r/mechmarket/comments/ht87i2/uskyhscraft_pikachu_gengar_magikarp_brimcaps_gmk/,gmk vaporwave,base,90,2020-07-18 01:30:04
210,/r/mechmarket/comments/ht613c/usca_h_tofu60_krytox_with_accessories_gmk_darskel/,gmk darskel,base,125,2020-07-17 23:07:29
211,/r/mechmarket/comments/ht29ky/usca_h_r3_gmk_9009_base_aesthetic_numbers_kit_w/,gmk 9009,base,210,2020-07-17 19:35:32
212,/r/mechmarket/comments/hsztwn/usca_h_kbd67_mki_r2_solder_extra_layout_plate/,gmk dark,base,50,2020-07-17 17:24:00
213,/r/mechmarket/comments/hsztwn/usca_h_kbd67_mki_r2_solder_extra_layout_plate/,gmk dark,spacebars,50,2020-07-17 17:24:00
214,/r/mechmarket/comments/hsykg6/uspa_h_gmk_peaches_and_cream_w_paypal/,gmk peaches,base,300,2020-07-17 16:17:00
215,/r/mechmarket/comments/hspyz9/uswah_gmk_dots_w_paypal/,gmk dots,base,360,2020-07-17 05:21:42
216,/r/mechmarket/comments/hsodxj/usnj_h_gmk_camping_r2_camping_r2_novelties_and/,gmk camping,base,280,2020-07-17 03:24:09
217,/r/mechmarket/comments/hsnyec/uswah_ewhite_singa_v3_gmk_red_samurai_r1_pbt/,gmk red,base,235,2020-07-17 02:54:01
218,/r/mechmarket/comments/hsnyec/uswah_ewhite_singa_v3_gmk_red_samurai_r1_pbt/,gmk white,base,120,2020-07-17 02:54:01
219,/r/mechmarket/comments/hsmf43/caab_h_built_rekt1800_kat_milkshake_rama_gmk_dots/,gmk dots,base,375,2020-07-17 01:09:24
220,/r/mechmarket/comments/hsixgv/usga_h_nk_65_entry_nk_pbt_vaporwave_gmk_9009_w/,gmk 9009,base,180,2020-07-16 21:35:01
221,/r/mechmarket/comments/hsiqyq/eudeh_gmk_voyage_baseextensionnovelty_cherry/,gmk wob,base,72,2020-07-16 21:25:08
222,/r/mechmarket/comments/hsgsst/usaz_h_gmk_8008_kits_gmk_wavez_kobe_kit_gmk_laser/,gmk laser,base,90,2020-07-16 19:43:56
223,/r/mechmarket/comments/hsgsst/usaz_h_gmk_8008_kits_gmk_wavez_kobe_kit_gmk_laser/,gmk 8008,"base, accent, rama",385,2020-07-16 19:43:56
224,/r/mechmarket/comments/hsg203/usny_h_sealed_gmk_9009_base_w_paypal/,gmk 9009,base,230,2020-07-16 19:08:51
225,/r/mechmarket/comments/hsfi4o/usnc_h_gmk_9009_sealed_and_red_rama_swirl_w/,gmk 9009,"base, rama",240,2020-07-16 18:42:26
226,/r/mechmarket/comments/hseys9/usut_h_artisans_etf_scraft_deathcapskeyboard/,gmk night,"base, novelties, spacebars, deskmat",400,2020-07-16 18:15:20
227,/r/mechmarket/comments/hsen8z/uscah_gmk_bento_gmk_first_love_sa_carbon_sa/,gmk bento,base,280,2020-07-16 18:00:04
228,/r/mechmarket/comments/hsen8z/uscah_gmk_bento_gmk_first_love_sa_carbon_sa/,gmk bento,spacebars,45,2020-07-16 18:00:04
229,/r/mechmarket/comments/hsen8z/uscah_gmk_bento_gmk_first_love_sa_carbon_sa/,gmk bento,rama,84,2020-07-16 18:00:04
230,/r/mechmarket/comments/hsen8z/uscah_gmk_bento_gmk_first_love_sa_carbon_sa/,gmk first,base,265,2020-07-16 18:00:04
231,/r/mechmarket/comments/hsen8z/uscah_gmk_bento_gmk_first_love_sa_carbon_sa/,gmk first,spacebars,45,2020-07-16 18:00:04
232,/r/mechmarket/comments/hsczyo/ustx_h_purple_cerakote_rama_m10a_unholy_pandas/,gmk 9009,base,50,2020-07-16 16:41:17
233,/r/mechmarket/comments/hsczyo/ustx_h_purple_cerakote_rama_m10a_unholy_pandas/,gmk spacebars,spacebars,10,2020-07-16 16:41:17
234,/r/mechmarket/comments/hsaf4f/usca_h_ibm_model_m_keychron_k4_gmk_honeywell_co_w/,gmk honeywell,base,160,2020-07-16 14:17:17
235,/r/mechmarket/comments/hsa2ww/euseh_sa_vilebloom_w_gmk_dots_paypal/,gmk dots,"base, novelties",360,2020-07-16 13:56:38
236,/r/mechmarket/comments/hs9gx6/euhu_h_gmk_9009_w_paypal/,gmk 9009,base,264,2020-07-16 13:17:34
237,/r/mechmarket/comments/hs272n/usca_h_gmk_red_samurai_65_kit_w_paypal/,gmk red,base,85,2020-07-16 03:18:52
238,/r/mechmarket/comments/hrzojt/usca_h_gmk_hiragana_gmk_wob_epbt_gok_bow_modded/,gmk hiragana,base,185,2020-07-16 00:31:20
239,/r/mechmarket/comments/hrzojt/usca_h_gmk_hiragana_gmk_wob_epbt_gok_bow_modded/,gmk wob,base,120,2020-07-16 00:31:20
240,/r/mechmarket/comments/hrwdjs/uspa_h_mekanisk_type_x_zeal60zealios_67g_build_sa/,gmk keycaps,base,80,2020-07-15 21:20:24
241,/r/mechmarket/comments/hruayc/usia_h_gmk_9009_r3_base_kit_sealed_w_paypal/,gmk 9009,base,215,2020-07-15 19:31:49
242,/r/mechmarket/comments/hrrrkk/eunl_h_gmk_8008_base_deskmat_swirl_70x_h1_tahea/,gmk 8008,base,300,2020-07-15 17:22:34
243,/r/mechmarket/comments/hrrrkk/eunl_h_gmk_8008_base_deskmat_swirl_70x_h1_tahea/,gmk 8008,deskmat,24,2020-07-15 17:22:34
244,/r/mechmarket/comments/hrrrkk/eunl_h_gmk_8008_base_deskmat_swirl_70x_h1_tahea/,gmk 8008,rama,12,2020-07-15 17:22:34
245,/r/mechmarket/comments/hrr9ck/ustx_h_gmk_modern_dolch_gmk_dots_w_paypal/,gmk dots,base,300,2020-07-15 16:55:53
246,/r/mechmarket/comments/hrr9ck/ustx_h_gmk_modern_dolch_gmk_dots_w_paypal/,gmk modern,"base, mods",260,2020-07-15 16:55:53
247,/r/mechmarket/comments/hrpbr7/usca_h_geekkeys_dark_grey_pbt_keyset_kbd67_mki_r2/,gmk dark,base,50,2020-07-15 15:11:30
248,/r/mechmarket/comments/hrpbr7/usca_h_geekkeys_dark_grey_pbt_keyset_kbd67_mki_r2/,gmk dark,spacebars,50,2020-07-15 15:11:30
249,/r/mechmarket/comments/hrkr4x/eude_h_gmk_terminal_sa_1976_taihao_scraft_pokemon/,gmk terminal,base,180,2020-07-15 09:51:52
250,/r/mechmarket/comments/hrflb1/usca_h_sa_bliss_novelties_mt3_serika_gmk_terminal/,gmk terminal,base,185,2020-07-15 02:47:11
251,/r/mechmarket/comments/hrewgf/ustx_h_eve_dsa_carbon_gmk_penumbra_sa_carbon_sa/,gmk keycap,base,250,2020-07-15 02:00:59
252,/r/mechmarket/comments/hress6/usnyh_satisfaction_75_gmk_metropolis/,gmk hiragana,base,225,2020-07-15 01:54:23
253,/r/mechmarket/comments/hress6/usnyh_satisfaction_75_gmk_metropolis/,gmk oblivion,"base, alpha",60,2020-07-15 01:54:23
254,/r/mechmarket/comments/hr723j/usny_h_gmk_9009_r3_gmk_camping_r2_gmk_first_love/,gmk 9009,base,190,2020-07-14 18:33:16
255,/r/mechmarket/comments/hr723j/usny_h_gmk_9009_r3_gmk_camping_r2_gmk_first_love/,gmk camping,base,200,2020-07-14 18:33:16
256,/r/mechmarket/comments/hr723j/usny_h_gmk_9009_r3_gmk_camping_r2_gmk_first_love/,gmk first,base,190,2020-07-14 18:33:16
257,/r/mechmarket/comments/hr723j/usny_h_gmk_9009_r3_gmk_camping_r2_gmk_first_love/,gmk camping,rama,60,2020-07-14 18:33:16
258,/r/mechmarket/comments/hr51k0/usut_h_gmk_camping_r2_base_novelties_spacebars/,gmk camping,base,250,2020-07-14 16:49:20
259,/r/mechmarket/comments/hr51k0/usut_h_gmk_camping_r2_base_novelties_spacebars/,gmk camping,novelties,100,2020-07-14 16:49:20
260,/r/mechmarket/comments/hr51k0/usut_h_gmk_camping_r2_base_novelties_spacebars/,gmk camping,spacebars,60,2020-07-14 16:49:20
261,/r/mechmarket/comments/hr2hce/usnjh_gmk_nautilus_r1_bundle_gmk_burgundy_child/,gmk nautilus,"base, novelties, spacebars",300,2020-07-14 14:26:52
262,/r/mechmarket/comments/hr2hce/usnjh_gmk_nautilus_r1_bundle_gmk_burgundy_child/,gmk burgundy,"base, alpha, mods",130,2020-07-14 14:26:52
263,/r/mechmarket/comments/hr2hce/usnjh_gmk_nautilus_r1_bundle_gmk_burgundy_child/,gmk wob,alpha,65,2020-07-14 14:26:52
264,/r/mechmarket/comments/hqtgam/usny_h_polaris_brass_halfplate_modern_m0110/,gmk sandstorm,extension,75,2020-07-14 02:49:04
265,/r/mechmarket/comments/hqq6pi/usca_h_gmk_camping_r2rama_kat_milkshake_ergo/,gmk camping,"base, rama",320,2020-07-13 23:19:07
266,/r/mechmarket/comments/hqp141/usnyh_key65_gmk_camping_r2_basenovs_gmk_9009_r3/,gmk camping,base,250,2020-07-13 22:12:15
267,/r/mechmarket/comments/hqp141/usnyh_key65_gmk_camping_r2_basenovs_gmk_9009_r3/,gmk camping,novelties,100,2020-07-13 22:12:15
268,/r/mechmarket/comments/hqp141/usnyh_key65_gmk_camping_r2_basenovs_gmk_9009_r3/,gmk oblivion,base,240,2020-07-13 22:12:15
269,/r/mechmarket/comments/hqp141/usnyh_key65_gmk_camping_r2_basenovs_gmk_9009_r3/,gmk 9009,base,230,2020-07-13 22:12:15
270,/r/mechmarket/comments/hqp141/usnyh_key65_gmk_camping_r2_basenovs_gmk_9009_r3/,gmk 9009,spacebars,70,2020-07-13 22:12:15
271,/r/mechmarket/comments/hqoqq1/ustx_h_gmk_oblivion_monochrome_v2_5ft_gray/,gmk oblivion,base,220,2020-07-13 21:56:22
272,/r/mechmarket/comments/hqojui/usnj_h_gmk_8008_base_sealed_w_paypal/,gmk 8008,base,325,2020-07-13 21:45:58
273,/r/mechmarket/comments/hqm2nm/euuk_h_gmk_first_love_base_kit_w_paypal/,gmk first,base,294,2020-07-13 19:34:10
274,/r/mechmarket/comments/hqidc8/usma_h_nk65_v2_black_aluminum_edition_gmk/,gmk nightrunner,base,290,2020-07-13 16:24:26
275,/r/mechmarket/comments/hqht0c/usnc_h_gmk_sandstorm_w_paypal/,gmk sandstorm,base,330,2020-07-13 15:56:05
276,/r/mechmarket/comments/hqhb9q/usksh_gmk_dots_holy_panda_preonic_paypal_w_paypal/,gmk dots,base,350,2020-07-13 15:29:32
277,/r/mechmarket/comments/hq7dq6/ustx_h_gmk_voyage_bundle_40x_gateron_ink_yellows/,gmk voyage,base,275,2020-07-13 02:47:14
278,/r/mechmarket/comments/hq7dn4/ustxh_sirius_hhkb_built_w_mauves_wt60d_635slow/,gmk spacebar,spacebars,500,2020-07-13 02:47:03
279,/r/mechmarket/comments/hq7dn4/ustxh_sirius_hhkb_built_w_mauves_wt60d_635slow/,gmk yellow,"base, spacebars",10,2020-07-13 02:47:03
280,/r/mechmarket/comments/hq5we9/usca_h_duck_eagle_v1_duck_lightsaver_v2_duck/,gmk nautilus,base,300,2020-07-13 01:05:16
281,/r/mechmarket/comments/hq5we9/usca_h_duck_eagle_v1_duck_lightsaver_v2_duck/,gmk oblivion,base,500,2020-07-13 01:05:16
282,/r/mechmarket/comments/hq5qq6/ustxh_gmk_peaches_and_cream_base_gmk_olive_base_w/,gmk peaches,base,300,2020-07-13 00:54:41
283,/r/mechmarket/comments/hq5qq6/ustxh_gmk_peaches_and_cream_base_gmk_olive_base_w/,gmk olive,base,230,2020-07-13 00:54:41
284,/r/mechmarket/comments/hq3aqn/usma_h_gmk_wob_hiragana_e_white_tofu_epbt_sushi/,gmk wob,base,140,2020-07-12 22:18:32
285,/r/mechmarket/comments/hq2ez1/uspa_h_mekanisk_type_x_zeal60_rev2_build_w/,gmk keycaps,base,100,2020-07-12 21:26:15
286,/r/mechmarket/comments/hq0loh/uspa_h_gmk_vice_nights_artisans_w_paypal_trades/,gmk vice,base,200,2020-07-12 19:42:04
287,/r/mechmarket/comments/hpyofs/usmd_h_gmk_dots_gmk_wob_hiragana_gmk_wob_micons/,gmk dots,base,315,2020-07-12 17:54:43
288,/r/mechmarket/comments/hpyofs/usmd_h_gmk_dots_gmk_wob_hiragana_gmk_wob_micons/,gmk wob,base,200,2020-07-12 17:54:43
289,/r/mechmarket/comments/hpyofs/usmd_h_gmk_dots_gmk_wob_hiragana_gmk_wob_micons/,gmk wob,base,110,2020-07-12 17:54:43
290,/r/mechmarket/comments/hpyjl4/usoh_h_gmk_vaporwave_base_hiragana_40s_novelties/,gmk vaporwave,base,250,2020-07-12 17:47:10
291,/r/mechmarket/comments/hpyjl4/usoh_h_gmk_vaporwave_base_hiragana_40s_novelties/,gmk vaporwave,base,350,2020-07-12 17:47:10
292,/r/mechmarket/comments/hpyjl4/usoh_h_gmk_vaporwave_base_hiragana_40s_novelties/,gmk vaporwave,base,120,2020-07-12 17:47:10
293,/r/mechmarket/comments/hpyjl4/usoh_h_gmk_vaporwave_base_hiragana_40s_novelties/,gmk vaporwave,base,350,2020-07-12 17:47:10
294,/r/mechmarket/comments/hpyjl4/usoh_h_gmk_vaporwave_base_hiragana_40s_novelties/,gmk vaporwave,"base, novelties",100,2020-07-12 17:47:10
295,/r/mechmarket/comments/hpyjl4/usoh_h_gmk_vaporwave_base_hiragana_40s_novelties/,gmk vaporwave,"spacebars, 40s",100,2020-07-12 17:47:10
296,/r/mechmarket/comments/hpyjl4/usoh_h_gmk_vaporwave_base_hiragana_40s_novelties/,gmk vaporwave,40s,90,2020-07-12 17:47:10
297,/r/mechmarket/comments/hpx5go/usny_h_gmk_pnc_durgod_hadesartisans_w/,gmk tokyo,alpha,140,2020-07-12 16:25:54
298,/r/mechmarket/comments/hpwdt2/eulv_h_polaris75_dark_blue_powder_coated_gmk/,gmk striker,base,25,2020-07-12 15:41:49
299,/r/mechmarket/comments/hpwbhd/uswa_h_gmk_hyperfuse_origins_x_bro_stumpumad_rama/,gmk hyperfuse,base,282,2020-07-12 15:37:52
300,/r/mechmarket/comments/hpvox0/usmo_h_gmk_mizu_gmk_eclipse_taihao_jukebox_npkc/,gmk mizu,"base, novelties, spacebars, 40s",650,2020-07-12 14:58:27
301,/r/mechmarket/comments/hpvox0/usmo_h_gmk_mizu_gmk_eclipse_taihao_jukebox_npkc/,gmk eclipse,"base, accent, spacebars, 40s",350,2020-07-12 14:58:27
302,/r/mechmarket/comments/hpvfpv/usnyh_artisans_gmk_wob_adelais_alice_pcb_fr4/,gmk wob,base,130,2020-07-12 14:41:23
303,/r/mechmarket/comments/hpnpf5/usca_h_scraft_pokemon_set_sealed_gmk_8008_unbuilt/,gmk 8008,base,350,2020-07-12 03:33:38
304,/r/mechmarket/comments/hpnkrc/auhartisans_gmk_metaverse_r1_gmk_9009_r3_wpaypal/,gmk striker,rama,50,2020-07-12 03:23:48
305,/r/mechmarket/comments/hpnkrc/auhartisans_gmk_metaverse_r1_gmk_9009_r3_wpaypal/,gmk metaverse,base,240,2020-07-12 03:23:48
306,/r/mechmarket/comments/hpnkrc/auhartisans_gmk_metaverse_r1_gmk_9009_r3_wpaypal/,gmk 9009,"base, spacebars",295,2020-07-12 03:23:48
307,/r/mechmarket/comments/hpn43y/usmi_h_gateron_clear_x107_kailh_speed_silver_x111/,gmk wob,base,100,2020-07-12 02:49:11
308,/r/mechmarket/comments/hpmhnm/usca_h_nk65_gmk_wob_hiragana_w_paypallocal_cash/,gmk wob,base,180,2020-07-12 02:06:00
309,/r/mechmarket/comments/hpjn4h/caon_h_gmk_night_runner_base_w_verified_paypal/,gmk night,base,245,2020-07-11 22:58:57
310,/r/mechmarket/comments/hpidqd/eunl_h_gmk_metropolis_idb60_proto_w_pp/,gmk metropolis,base,425,2020-07-11 21:43:01
311,/r/mechmarket/comments/hpi6pm/usfl_h_tx1800v2_bob_koffing_clakeys_for_the_horde/,gmk night,base,280,2020-07-11 21:31:33
312,/r/mechmarket/comments/hp6g9x/usca_h_rekt1800_pc_canoe_gmk_voc_sandstorm_9009/,gmk violet,base,10,2020-07-11 08:12:50
313,/r/mechmarket/comments/hp6g9x/usca_h_rekt1800_pc_canoe_gmk_voc_sandstorm_9009/,gmk sandstorm,base,10,2020-07-11 08:12:50
314,/r/mechmarket/comments/hp3eb3/usut_h_artisans_etf_keyforge_pokemon_etckeyboard/,gmk pulse,spacebars,400,2020-07-11 03:48:05
315,/r/mechmarket/comments/hp3eb3/usut_h_artisans_etf_keyforge_pokemon_etckeyboard/,gmk pulse,spacebars,400,2020-07-11 03:48:05
316,/r/mechmarket/comments/hp3eb3/usut_h_artisans_etf_keyforge_pokemon_etckeyboard/,gmk pulse,spacebars,400,2020-07-11 03:48:05
317,/r/mechmarket/comments/hp36fe/usca_h_gmk_wasabi_w_paypal_gmk_serika_gmk_oblivion/,gmk wasabi,base,230,2020-07-11 03:31:52
318,/r/mechmarket/comments/hp16bm/usca_h_kat_milkshake_katakana_ortho_fruits_w_gmk/,gmk set,base,340,2020-07-11 01:10:40
319,/r/mechmarket/comments/hp0cbg/caqc_h_gmk_cafe_dark_alphas_w_paypal_local/,gmk cafe,base,325,2020-07-11 00:14:17
320,/r/mechmarket/comments/hp045m/usar_h_gmk_laser_r1_gaijin_colevrak_artisan_gmk/,gmk laser,base,100,2020-07-10 23:59:54
321,/r/mechmarket/comments/hp045m/usar_h_gmk_laser_r1_gaijin_colevrak_artisan_gmk/,gmk pulse,base,50,2020-07-10 23:59:54
322,/r/mechmarket/comments/hozxo7/usca_h_cherry_mx_11900_cherry_blacks_ducky_one2/,gmk abs,spacebars,10,2020-07-10 23:47:55
323,/r/mechmarket/comments/howwzu/usil_h_purple_unikorn_gmk_8008_w_trade_paypal/,gmk 8008,base,275,2020-07-10 20:49:51
324,/r/mechmarket/comments/hors54/sg_h_rama_stuffs_and_gmk_keycaps_w_paypal/,gmk originative,base,260,2020-07-10 16:13:49
325,/r/mechmarket/comments/hors54/sg_h_rama_stuffs_and_gmk_keycaps_w_paypal/,gmk camping,base,250,2020-07-10 16:13:49
326,/r/mechmarket/comments/hors54/sg_h_rama_stuffs_and_gmk_keycaps_w_paypal/,gmk ocean,"base, spacebars",210,2020-07-10 16:13:49
327,/r/mechmarket/comments/hoplhf/usoh_h_gmk_8008_gmk_wavez_base_kits_w_paypal/,gmk 8008,base,250,2020-07-10 14:10:30
328,/r/mechmarket/comments/hoplhf/usoh_h_gmk_8008_gmk_wavez_base_kits_w_paypal/,gmk wavez,base,250,2020-07-10 14:10:30
329,/r/mechmarket/comments/hofoxx/usnj_h_gmk_8008_base_sealed_skulls_mat_meka_mat_w/,gmk 8008,base,350,2020-07-10 01:19:54
330,/r/mechmarket/comments/ho9hsj/eucz_h_mt3_serika_bundle_sa_laser_kits_gmk_jamon/,gmk jamon,base,7,2020-07-09 19:25:43
331,/r/mechmarket/comments/ho8iik/usca_h_gmk_voyage_base_gmk_metaverse_r1_with_some/,gmk voyage,base,450,2020-07-09 18:33:59
332,/r/mechmarket/comments/ho8iik/usca_h_gmk_voyage_base_gmk_metaverse_r1_with_some/,gmk metaverse,base,125,2020-07-09 18:33:59
333,/r/mechmarket/comments/ho7ie9/caon_h_gmk_night_runner_base_w_verified_paypal/,gmk night,base,245,2020-07-09 17:41:09
334,/r/mechmarket/comments/hnx9ti/uscah_gmk_peaches_and_cream_sealed_w_gmk_dmg/,gmk peaches,base,300,2020-07-09 05:13:58
335,/r/mechmarket/comments/hnu5du/usnd_h_alice_clone_with_pcb_drop_holy_panda/,gmk waves,rama,100,2020-07-09 01:39:21
336,/r/mechmarket/comments/hnq3ls/usca_h_mito_bucket_head_mx_tealios_thick_coiled/,gmk hammerhead.,base,70,2020-07-08 21:34:14
337,/r/mechmarket/comments/hnolid/usnv_h_43x_nk_creams_54x_67g_tangies_kat/,gmk sandstorm,base,10,2020-07-08 20:15:23
338,/r/mechmarket/comments/hnn6wp/usca_h_unbuilt_nonbt_pc_canoe_bob_gengar_koffing/,gmk mizu,rama,100,2020-07-08 19:04:31
339,/r/mechmarket/comments/hnmtb9/sgh_sa_violet_cream_gmk_red_samurai_1800_etf/,gmk red,base,110,2020-07-08 18:45:41
340,/r/mechmarket/comments/hnm2xh/usca_h_gmk_red_honey_durgod_hades_68_w_paypal/,gmk red,base,150,2020-07-08 18:08:01
341,/r/mechmarket/comments/hnbr9k/eufr_h_canoe_pc_bluetooth_w_paypal/,gmk and,spacebars,468,2020-07-08 06:09:12
342,/r/mechmarket/comments/hn9cuz/ustx_hblack_drop_ctrl_barebones_gmk_valentine/,gmk valentine,base,100,2020-07-08 03:13:28
343,/r/mechmarket/comments/hn93pf/usca_h_x70_filmed_alpacas_gmk_wob_hiragana_40s_w/,gmk wob,"novelties, 40s",45,2020-07-08 02:56:54
344,/r/mechmarket/comments/hn8sax/usma_h_pingmaster_with_usb_converter_gmk_eclipse/,gmk eclipse,base,150,2020-07-08 02:36:47
345,/r/mechmarket/comments/hn5jw2/caon_h_ewhite_wkl_polaris_w_extra_pcb_and_plate/,gmk peaches,base,310,2020-07-07 23:19:35
346,/r/mechmarket/comments/hn3kkc/ustn_h_epbt_japanese_black_tai_hao_artisan_w_gmk/,gmk wob,base,135,2020-07-07 21:31:10
347,/r/mechmarket/comments/hn3894/ustxh_gmk_red_samurai_tkl_kit_w_paypal/,gmk red,base,100,2020-07-07 21:12:44
348,/r/mechmarket/comments/hn20f3/ustx_h_custom_orange_nerd60_keyboard_w_gmk_carbon/,gmk caps,base,500,2020-07-07 20:07:10
349,/r/mechmarket/comments/hn1u3c/usnc_h_massdrop_x_olkb_planck_rev_6_full_build/,gmk purple,base,250,2020-07-07 19:57:56
350,/r/mechmarket/comments/hmta6v/eude_hkbdpad_mkii_zealios_v2_stellar_amagmk/,gmk minimal,base,78,2020-07-07 12:04:49
351,/r/mechmarket/comments/hmpjs3/uscah_tkc1800_gmk_first_love_artisans_w_paypal/,gmk first,base,170,2020-07-07 06:51:40
352,/r/mechmarket/comments/hmm5gq/usmdh_budget96_kit_gmk_blank_relegendables_lubed/,gmk blank,base,50,2020-07-07 02:40:31
353,/r/mechmarket/comments/hmlmtv/ustxh_gmk_peaches_and_cream_base_kit_w_paypal/,gmk peaches,base,315,2020-07-07 02:06:24
354,/r/mechmarket/comments/hmf984/uspah_panc40_kit_gmk_minimal_artisan_holder_usb/,gmk minimal,base,200,2020-07-06 19:59:35
355,/r/mechmarket/comments/hmbzyk/usny_h_gmk_metaverse_novelties_bnib_gmk_wob_sa/,gmk metaverse,base,250,2020-07-06 17:28:47
356,/r/mechmarket/comments/hmbzyk/usny_h_gmk_metaverse_novelties_bnib_gmk_wob_sa/,gmk metaverse,novelties,125,2020-07-06 17:28:47
357,/r/mechmarket/comments/hmbzyk/usny_h_gmk_metaverse_novelties_bnib_gmk_wob_sa/,gmk wob,base,70,2020-07-06 17:28:47
358,/r/mechmarket/comments/hm9zpz/uswah_space65_silver_wgrey_badge_filmedlubed/,gmk vaporwave,base,450,2020-07-06 15:43:50
359,/r/mechmarket/comments/hm9zpz/uswah_space65_silver_wgrey_badge_filmedlubed/,gmk vaporwave,rama,55,2020-07-06 15:43:50
360,/r/mechmarket/comments/hlwxu9/ustx_h_iris_low_profile_romacs_built_unbuilt_wob/,gmk botanical,base,175,2020-07-05 23:48:10
361,/r/mechmarket/comments/hlwjig/caqc_h_gmk_cafe_base_kit_artisan_w_paypal_trades/,gmk cafe,base,290,2020-07-05 23:23:09
362,/r/mechmarket/comments/hlv41n/ussc_h_artisans_gmk_mitolet_gmk_darskel_w_paypal/,gmk darskel,"base, accent",185,2020-07-05 21:58:33
363,/r/mechmarket/comments/hlv41n/ussc_h_artisans_gmk_mitolet_gmk_darskel_w_paypal/,gmk mitolet,base,180,2020-07-05 21:58:33
364,/r/mechmarket/comments/hlrcsy/usma_h_realforce_r2_rgb_ivory_gmk_jamon_pata/,gmk jamon,base,400,2020-07-05 18:20:59
365,/r/mechmarket/comments/hlpt7n/usca_h_tgr_910_re_polycarb_epbt_black_jap_gmk/,gmk bento,"base, novelties, spacebars",415,2020-07-05 16:52:23
366,/r/mechmarket/comments/hlo0qr/usnyh_duck_tcv3_gmk_8008_base_set_tofu_acrylic/,gmk 8008,base,198,2020-07-05 15:02:44
367,/r/mechmarket/comments/hlgg72/ustxh_gmk_classic_retro_c21_numpad_w_paypal/,gmk classic,base,160,2020-07-05 04:06:30
368,/r/mechmarket/comments/hlemsh/uswahgmk_red_samurai_1800_ducky_shine_7_blackout/,gmk red,base,110,2020-07-05 01:40:08
369,/r/mechmarket/comments/hldeyq/tw_h_artisans_gmk_voc_base_w_paypal/,gmk voc,base,160,2020-07-05 00:06:51
370,/r/mechmarket/comments/hlcakq/usnv_h_gmk_nightrunner_tkl_case_60_case_x80/,gmk nightrunner,base,240,2020-07-04 22:47:57
371,/r/mechmarket/comments/hlb7cq/usca_h_gmk_8008_basespacebars_gmk_mitolet_built/,gmk 8008,"base, spacebars",325,2020-07-04 21:36:06
372,/r/mechmarket/comments/hlb7cq/usca_h_gmk_8008_basespacebars_gmk_mitolet_built/,gmk mitolet,base,10,2020-07-04 21:36:06
373,/r/mechmarket/comments/hlafu9/usca_h_sealed_gmk_9009_r3_base_w_paypal/,gmk 9009,base,230,2020-07-04 20:50:09
374,/r/mechmarket/comments/hla0pb/usva_h_artisans_gmkfirst_love_night_runner/,gmk sandstorm,base,245,2020-07-04 20:24:01
375,/r/mechmarket/comments/hl8n1r/eufi_h_gmk_9009_base_kit_aesthetic_addition_w/,gmk 9009,base,342,2020-07-04 18:59:42
376,/r/mechmarket/comments/hl8dg1/sgh_lz_gh_v2_gold_wkl_sa_chocolatier_sa_1965_gmk/,gmk dolch,base,140,2020-07-04 18:43:36
377,/r/mechmarket/comments/hl8acc/usga_h_gmk_oblivion_v2_gmk_eclipse_tofu_hhkb/,gmk eclipse,base,120,2020-07-04 18:38:23
378,/r/mechmarket/comments/hl8acc/usga_h_gmk_oblivion_v2_gmk_eclipse_tofu_hhkb/,gmk oblivion,base,110,2020-07-04 18:38:23
379,/r/mechmarket/comments/hl7vt6/aeh_gmk_pulse_ar_micons_sa_pulse_gmk_8008/,gmk 8008,base,210,2020-07-04 18:14:55
380,/r/mechmarket/comments/hl7vt6/aeh_gmk_pulse_ar_micons_sa_pulse_gmk_8008/,gmk pulse,base,200,2020-07-04 18:14:55
381,/r/mechmarket/comments/hl6tb0/usma_h_bow_hangul_addon_epbt_green_epbt_blue/,gmk bow,base,50,2020-07-04 17:11:20
382,/r/mechmarket/comments/hkyyrx/auh_sa_troubled_minds_r2_gmk_jamon_gmk_wavez/,gmk waves,base,250,2020-07-04 06:46:45
383,/r/mechmarket/comments/hkyyrx/auh_sa_troubled_minds_r2_gmk_jamon_gmk_wavez/,gmk jamon,"base, novelties",350,2020-07-04 06:46:45
384,/r/mechmarket/comments/hkyyrx/auh_sa_troubled_minds_r2_gmk_jamon_gmk_wavez/,gmk jamon,"base, spacebars, 40s",70,2020-07-04 06:46:45
385,/r/mechmarket/comments/hkyyrx/auh_sa_troubled_minds_r2_gmk_jamon_gmk_wavez/,gmk jamon,"base, numpad",20,2020-07-04 06:46:45
386,/r/mechmarket/comments/hkyyrx/auh_sa_troubled_minds_r2_gmk_jamon_gmk_wavez/,gmk jamon,base,40,2020-07-04 06:46:45
387,/r/mechmarket/comments/hkyvgo/usca_h_gmk_dots_base_gmk_mitolet_base_w_paypal/,gmk dots,base,330,2020-07-04 06:38:07
388,/r/mechmarket/comments/hkxkwy/usil_h_noxary_t60_gateron_inks_partial_gmk/,gmk oblivion,base,55,2020-07-04 04:45:09
389,/r/mechmarket/comments/hkr8c2/uscah_think65_pc_with_hotswap_pcb_think65/,gmk soware,base,135,2020-07-03 21:21:55
390,/r/mechmarket/comments/hkpozj/usca_h_kat_milkshake_alpha_modifier_fruits/,gmk dots,base,300,2020-07-03 19:51:05
391,/r/mechmarket/comments/hkooxs/usca_h_coiled_aviator_cables_w_paypallocal/,gmk oblivion,"base, accent",75,2020-07-03 18:53:26
392,/r/mechmarket/comments/hknck1/usmdh_pc_kbd67_mkii_rekt_1800_dark_rose_gold/,gmk nines,base,250,2020-07-03 17:36:36
393,/r/mechmarket/comments/hkeiqa/ustx_h_kat_milkshake_alphas_mods_fruits_addons_w/,gmk bento,base,400,2020-07-03 07:05:22
394,/r/mechmarket/comments/hk7ybd/usca_h_gmk_mr_sleeves_mao_grey_wkl_skog_black/,gmk mr.,base,180,2020-07-02 23:23:30
395,/r/mechmarket/comments/hk7ybd/usca_h_gmk_mr_sleeves_mao_grey_wkl_skog_black/,gmk snap,base,200,2020-07-02 23:23:30
396,/r/mechmarket/comments/hk3ypc/usnv_h_pbt_bred_gmk_denim_rama_m60_gold_backplate/,gmk denim,base,150,2020-07-02 19:47:49
397,/r/mechmarket/comments/hk2xpt/uswi_h_dsa_scientific_gmk_og_spacekeys_xda_melon/,gmk og,base,55,2020-07-02 18:53:30
398,/r/mechmarket/comments/hk1x7f/usny_h_anne_pro_2_gmk_night_runner_artisanscraft/,gmk night,base,245,2020-07-02 18:00:09
399,/r/mechmarket/comments/hk1oky/usca_h_space65_gmk_night_runner_base_spacebars_w/,gmk night,"base, spacebars",300,2020-07-02 17:47:45
400,/r/mechmarket/comments/hk1i94/uspa_h_gmk_8008_base_gmk_bento_full_set_custom/,gmk bento,"base, novelties",350,2020-07-02 17:38:15
401,/r/mechmarket/comments/hjzva9/euuk_h_gmk_8008_kbd75v2_w_tealios_roselios/,gmk 8008,base,280,2020-07-02 16:11:36
402,/r/mechmarket/comments/hjvsdq/eude_h_gmk_striker_w_paypal/,gmk striker,base,354,2020-07-02 12:05:54
403,/r/mechmarket/comments/hjsg0x/au_h_gmk_oblivion_v2_git_base_regular_base_2x_gmk/,gmk oblivion,base,470,2020-07-02 07:16:48
404,/r/mechmarket/comments/hjqd7b/uswa_h_gmk_9009_r3_bundle_w_paypal/,gmk 9009,base,375,2020-07-02 04:32:02
405,/r/mechmarket/comments/hjpx2q/usca_h_3d_printed_alicelayout_gmk_tokyo_nights/,gmk tokyo,"base, alpha, spacebars",140,2020-07-02 03:59:03
406,/r/mechmarket/comments/hjne1y/ustx_h_gmk_striker_numpad_gmk_9009_base_9009_text/,gmk 9009,base,220,2020-07-02 01:06:45
407,/r/mechmarket/comments/hjne1y/ustx_h_gmk_striker_numpad_gmk_9009_base_9009_text/,gmk striker,base,50,2020-07-02 01:06:45
408,/r/mechmarket/comments/hjmkva/usut_h_gmk_vaporwave_gmk_night_runner_kbdpadmkiis/,gmk nightrunner,base,300,2020-07-02 00:17:21
409,/r/mechmarket/comments/hjmkva/usut_h_gmk_vaporwave_gmk_night_runner_kbdpadmkiis/,gmk vaporwave,base,300,2020-07-02 00:17:21
410,/r/mechmarket/comments/hjkunr/usok_h_gmk_camping_2_base_kit_novelties_spacebars/,gmk camping,"base, novelties, spacebars",350,2020-07-01 22:38:46
411,/r/mechmarket/comments/hjkunr/usok_h_gmk_camping_2_base_kit_novelties_spacebars/,gmk wavez,base,210,2020-07-01 22:38:46
412,/r/mechmarket/comments/hjkunr/usok_h_gmk_camping_2_base_kit_novelties_spacebars/,gmk serika,base,50,2020-07-01 22:38:46
413,/r/mechmarket/comments/hjkpli/usmo_h_pc_think_65_kbd67_mki_gmk_caps_mt3_caps/,gmk skeletor,base,750,2020-07-01 22:31:14
414,/r/mechmarket/comments/hjjrhz/usma_h_drop_x_t0mb3ry_gmk_carbon_nordeuk_kit/,gmk accent,accent,22,2020-07-01 21:40:41
415,/r/mechmarket/comments/hjezxo/usorhgmk_red_samurai_65_sa_symbiosis/,gmk red,base,85,2020-07-01 17:40:16
